UrbanRural,Race,KidsCount,LogIncome,LogExpenditure
1,1,4,9.584508919942662,12.503205642100955
2,5,5,11.372264824532117,7.037490704969473
1,1,0,9.847702100774024,7.437263974794302
1,1,6,9.317042075565356,5.758895167506384
2,5,6,8.518694977318185,5.942235810118617
1,5,6,10.297372558278461,6.925285275440235
1,2,5,8.64318765679917,7.7059061386849335
1,6,1,12.535019781007797,6.259535360211979
1,5,5,13.52780613452474,9.683457891783892
2,6,0,8.09482074115872,10.930795173724404
2,6,1,11.897673158524766,5.722083125832885
1,2,4,9.429313265737001,8.843955471102412
1,5,3,9.784326607351632,7.575250927804819
2,3,2,13.198538017328916,10.653545726801335
2,5,7,5.369920117979772,10.359090756371732
1,3,5,5.201875359063496,10.695646116282841
2,3,4,5.046211429682971,10.34164358683423
2,2,6,12.388598491210198,7.2237449492649315
2,4,0,11.85295306929863,12.644039256048066
1,2,5,12.808584233013194,10.622229517336425
1,6,4,13.451769748819219,8.774613968825282
1,1,2,11.816231864490408,11.15896912714734
1,3,3,9.152553243882032,10.837701597191687
1,5,6,11.79528794660908,11.91667108155496
2,4,3,5.759935784612106,11.090958009736958
1,3,0,10.158394739970392,9.190629267763622
1,2,1,5.742590160414859,12.60449843306946
1,4,2,13.132337818025352,8.271579312482537
1,2,7,9.61584141781824,7.442633012790131
1,1,1,8.726696783539909,12.87709234770595
1,6,4,7.13260070062136,4.92738733977043
2,3,2,11.878120174395265,10.092086247330998
2,6,3,8.860947954903462,10.302664067820974
2,2,0,10.023327041959176,8.74665956969475
1,4,4,4.881280178433827,4.849630274058111
1,2,0,10.118807475801914,11.426679441949593
1,4,4,10.441164107240807,12.088053482122985
1,4,3,10.294581153696393,4.848928131501654
1,4,1,13.23007679922239,7.700809070298034
1,2,1,10.874428532745455,12.364752416317145
2,2,7,7.828845796523725,9.113206198299984
2,6,7,8.51061080874916,11.787788270579014
2,3,3,10.96553986230981,6.70330390583324
2,2,0,5.198862459488922,4.835395821435234
1,2,7,10.717764750620793,10.835663018476797
1,6,4,10.966850213044017,11.975951370500411
2,6,4,6.545164261046846,4.877783740856358
1,6,1,5.80350122015228,9.872464368368277
1,4,0,7.48051294548796,5.238360137446919
1,1,1,8.270309535667055,6.584744260708619
2,6,2,10.022482686531484,10.131163637828598
2,5,6,8.489776307523863,5.402712735540888
2,4,6,13.346838805781738,9.309026355105747
1,1,7,5.69045982791749,8.33917250510878
2,1,3,6.689916490496458,9.164153289819193
2,1,5,6.427199725868462,9.227197336075383
1,6,1,10.61902602630508,9.381345929380771
1,6,0,7.166522541792229,7.839197345941333
2,5,2,9.064718501325217,7.300306306225936
1,5,0,7.164774619046204,9.822955937001675
1,3,6,6.373128057742346,8.697999152209519
1,4,5,5.7910634881776595,6.573950009624643
1,6,4,11.009501695934508,9.177270834310043
2,4,7,5.819798003084585,10.928558291679161
1,3,0,6.26949992574234,11.66091448861582
1,4,5,8.031600894839533,7.083119983321573
1,6,3,12.212040567894373,12.373335256912977
1,2,7,5.720082626649433,12.500583355233463
1,1,3,12.20261382681494,6.801971591623654
1,4,5,5.676880989259786,6.6475552449002855
2,2,0,13.396606624555554,6.186132614784926
2,6,3,8.827252093793117,6.534272378770951
2,2,7,13.59001332160969,11.730470839658489
1,2,7,10.41236414167816,5.876655303514388
1,6,1,11.243706710354807,7.533999143860652
2,5,7,4.671659745386417,8.466408594612366
1,3,5,7.717593853167938,7.014161531401173
2,4,4,5.944775305056728,11.021041590635267
1,6,2,7.793323127094885,12.848242753167494
2,3,2,5.9291019541132925,4.875591547779833
1,4,0,7.781807811507083,5.193509742697272
2,3,1,8.706814450082266,4.981549431036837
1,1,7,5.334394128263754,8.794418551241838
1,6,6,10.747956349386685,9.388479043392612
1,1,7,9.977762405339961,7.458594513335667
1,1,0,7.040609510573192,7.582228551071017
2,4,1,9.569528557753573,12.821198259762255
1,2,1,5.93231141044518,12.66200517800022
1,1,0,10.064445378306,7.123218884558369
1,1,0,13.122705536979005,8.559319812961181
2,1,7,7.805375638739779,7.330298214328672
1,4,7,10.834019605446793,8.379407218159969
1,6,6,5.750077920244651,10.679356629282916
1,2,7,11.32762998813786,4.759764747393274
1,4,2,7.826614269979845,5.033318727819171
1,1,1,6.419939763074712,4.694542191157009
1,5,1,10.01798106682961,4.661251261615537
2,3,7,4.668255854936765,10.668824545783597
1,4,0,12.219576280516518,4.633069625215731
1,5,4,4.852841185148268,5.0015274510814365
1,5,3,10.857066928824192,9.546580199079377
2,3,2,7.300739172071129,5.008673798026808
2,4,2,11.13704278950227,10.991139055338872
2,2,3,13.644244454311389,10.820637630763555
2,3,5,6.968204592549405,5.0249168477902515
1,4,1,9.756288602682876,4.933498543489181
1,2,5,10.018555687308561,6.811296160985725
2,6,0,9.807486295588228,10.306728151468443
2,6,5,6.830602575479626,8.610086437384837
2,5,1,12.89923509215979,10.195698584316647
2,6,3,8.808810043545135,10.154854275420242
2,2,2,12.258354082974433,7.554348844694666
1,1,0,10.589870439992524,8.414294157930623
1,1,7,7.633659840915081,7.168871575312354
1,1,6,12.35535639280607,8.562304043769636
2,6,7,8.529166634176878,11.959979019331252
1,2,7,12.707364871917786,12.843505629041685
2,6,1,9.667774639997633,8.79787264739159
2,4,1,12.686539083219508,6.207065963192504
1,4,5,10.846190683001982,8.38019199010981
1,6,7,11.289124037689973,5.678820154023636
2,3,4,8.92066133721836,12.002550691308361
1,6,4,13.022361236944745,11.955535932825988
1,6,3,10.56030662693058,5.426828445829742
2,5,0,8.301761986287596,8.921932778588317
1,2,1,10.122276890120295,6.1080306686387935
1,2,1,5.069639139495938,12.143541584370215
1,5,5,7.456007628709739,6.929831326310761
1,2,4,10.625803919013583,10.36601759555172
1,5,2,7.467704150432675,12.609334629517647
1,5,4,10.478185172072322,6.80541835717572
2,5,6,8.71315809568826,6.155709810537015
1,2,1,5.554661845368757,9.716784509388328
1,3,3,7.565938463290614,11.384340260987587
1,4,4,9.701945881058082,10.833230759574802
1,4,4,9.774314181940532,10.859471143251252
2,2,0,9.756457045688997,11.341022283672022
1,2,7,10.864731525065658,5.8225439850647005
2,3,6,10.729226029725039,6.094226446388287
2,3,6,8.367509315500396,10.043487184972667
1,6,1,12.62653045947182,6.1078721965249
1,4,4,7.846312479943489,6.963867635309733
2,3,6,8.331239820750064,10.041486531278997
1,2,0,12.847901835565885,10.75919743504588
1,1,0,11.573903095449163,9.535230262206897
1,4,6,11.189813779895676,6.310267417424712
2,4,2,5.87845869410338,7.799381000516181
1,6,3,13.236235375473992,8.968499003108894
2,5,5,11.445596083836904,6.796157824954686
1,6,7,13.387485549031425,12.716359039568431
1,4,7,6.308339838552565,10.093775172527826
1,4,2,12.837995258003996,10.998993081320776
1,6,6,6.027586783054418,7.802215113248292
1,5,3,10.421291378681003,8.144138456232145
1,2,2,5.93045611966704,12.756847079682508
1,4,7,12.096021578622938,4.841369291177856
2,3,3,11.597352058319807,10.369054910717328
2,6,0,9.928201753303123,9.754046452182216
2,3,6,8.487192779509414,5.36990913573774
1,3,7,5.167300553931614,10.060717423883803
1,6,0,10.784651916487928,11.454486807990488
2,1,2,8.929201922871583,4.761799055124387
2,5,4,11.285999335649855,11.464415292763348
2,4,0,12.628797912092203,9.541770683726543
2,3,1,13.452362890405162,7.326429112318642
1,4,7,12.102800304111486,9.189445352685654
1,4,6,5.013281965428154,9.553407501093913
2,2,7,7.942953259626696,8.82790382293216
1,2,3,11.282110698237963,6.412371808565107
1,6,2,6.006749390212277,7.538893529960964
2,5,3,9.537526768470942,5.336932135756867
1,4,7,5.240891928057218,11.284402298099794
1,3,7,6.478756957314013,12.477913186423466
2,5,4,4.758938054366932,4.695611946272011
1,1,0,11.592529505727796,9.783378403154597
1,5,3,6.8932848570070835,11.718567970783827
1,3,6,7.989225258588621,10.573331996376648
1,6,0,12.984782803690113,11.854906147965776
2,5,0,11.190108834113099,10.465492391718815
1,2,0,5.063186440655657,5.767333650346341
1,5,4,6.290573109031056,11.98889582310541
1,3,7,10.396109542750972,9.343752901311875
1,4,0,9.98248401074339,12.456786085199132
1,5,1,7.091947674493067,6.729003899109228
1,4,7,13.042588062865354,10.049900866910178
1,4,2,10.409702503523548,10.591536225306823
1,2,3,9.19946160153999,12.900864707085812
1,2,0,9.743428837755875,11.591349134083119
1,4,2,11.178780075821981,11.139984207067908
1,1,3,7.48087841099659,7.763716363036509
1,4,1,8.576310478912797,6.615072398126772
1,5,7,6.63085385173496,11.44803103748188
2,1,6,6.400973844682262,12.538177080807786
1,1,2,13.112815625383764,4.949182908027351
2,3,7,11.21532733426564,11.772047366613204
2,6,3,8.92571263219509,10.188810621067267
1,3,4,6.778487664187285,10.592630780667953
1,4,6,7.105747709597608,5.915470343376916
2,2,2,5.389940849750124,9.340797263517528
1,1,1,8.3065072080074,4.6888440799953575
1,4,5,7.574952934583507,4.871582840768239
1,2,1,10.687625342010046,10.71579181135236
1,5,6,7.900357152244448,12.114751272245387
1,3,7,6.242071024577728,8.552138492199957
1,2,1,4.8532164116403225,12.339738918103723
2,4,2,5.343898140891129,12.471969849173389
1,6,1,10.9143228023779,7.319614574013536
2,2,5,9.145717877034718,8.395587571620046
1,1,1,9.424697533799712,11.714273341983278
1,4,1,12.53901485589665,10.386338813871717
2,4,3,13.523372884485589,7.025975747130932
2,6,3,6.8274655254566605,8.719491805022587
1,1,3,10.968926477424548,8.054942566660962
1,1,3,7.28581842395781,12.795181671395255
2,5,0,4.716508328884964,9.650936015631013
1,1,5,11.939383678137647,9.538882718957826
2,3,1,7.6607136015696815,11.415301717905491
2,2,2,7.8664526460591535,10.008742763103855
1,6,5,9.987022458783189,8.55834461438759
1,6,5,12.390442193846258,11.290175511051908
1,2,5,10.295948525476957,11.654876274515614
2,4,1,12.706417381813896,6.124537678216094
1,4,7,7.059130122099816,5.567299507310982
2,6,2,11.58037563235214,11.291731004444543
1,5,4,6.328751917017554,11.849565211092582
1,4,2,12.854353150906629,8.0110687610253
1,2,1,10.945042000952387,12.337335713669772
1,3,1,6.699237930006873,9.672237836772172
1,4,0,12.897945425135024,6.353137420129504
2,3,3,11.080337696221191,5.4148342959047815
1,4,6,7.211289467963668,11.126579339716749
1,2,0,6.8569793399319225,10.961071810708798
2,5,5,9.326665313123145,4.981028872727551
1,2,5,5.077626030298664,5.2915364400819005
1,5,1,6.503646092877301,5.841460782973199
2,5,1,8.67522836181016,6.06516252934787
2,6,4,8.009540052182443,11.229738090863837
2,2,7,8.779111171215831,12.391526771741018
2,3,5,7.040189114878197,9.213143690587303
1,4,2,9.86250588657737,8.462133891199022
2,6,0,12.758414916312782,9.311983864113227
1,4,3,5.93773559008273,7.600215369298462
2,4,6,9.259713674021073,8.044927433426814
2,1,3,5.782193040790697,12.203177244392416
2,3,2,11.3233075512403,6.646121595930486
2,3,6,8.44367622582425,5.224167041742599
1,4,1,10.05385865696901,4.980036153302143
2,2,6,6.128249769315624,5.505231511495546
1,6,1,6.009553317656545,10.262609247887525
2,5,2,8.760527004463592,7.118708524218335
2,6,3,8.139412502901559,5.83509178512378
1,6,4,13.108340820809094,6.282787040714583
1,2,1,11.91521009132985,6.026439967500392
2,5,1,11.454712598203798,10.777471869550508
2,4,1,12.812094951195606,6.280390826461498
1,4,6,5.10662884304081,6.704893330399364
2,3,5,9.540980484970001,10.370508422640913
1,2,0,9.975954070104383,12.737765755229683
2,2,6,13.609468423038019,5.880005794187483
1,2,3,7.6969247302444606,10.350954946799703
1,4,3,7.327066530999674,8.825012684091838
1,2,2,5.83667982044061,12.779975953375068
1,5,2,4.800766717232741,6.604480811066548
1,5,7,13.099009505884807,6.977207401871084
1,6,2,10.664152957864234,11.434561753597103
1,2,4,11.751041674756884,5.875117912136284
2,1,0,7.3755741928524206,5.62940883612356
1,3,2,9.724568652975456,5.828177812104202
2,6,0,5.239746162866736,4.753723592372927
1,4,1,9.10266225939409,8.46532641030714
1,6,4,13.638310534559006,12.582783689334269
2,2,0,12.550982339098827,8.158196652520699
2,2,0,8.111794148336461,7.751481460503084
2,2,3,13.328912119359972,10.474159259621347
1,3,2,6.532735933875329,11.029840095960221
1,2,6,13.301828137612747,6.554669441426755
1,2,7,12.985537889031576,9.180620823571271
1,1,3,11.663181056615976,8.958088088341839
1,1,6,10.362948260333752,12.706935375784184
2,3,4,12.530494708723657,7.725579737998898
1,4,6,7.589896448529114,12.619088831839147
1,1,7,12.049149526908188,10.191799372566441
1,6,6,10.134437207619039,10.296059853170568
1,6,2,4.7126644937944056,8.111070830359775
1,3,3,8.067260335276972,8.187807462332552
1,3,5,6.033439454921122,11.624286964278783
2,4,3,13.49426329437582,6.6959246650346
2,1,7,8.892024270612845,9.146893457422058
1,5,0,8.931402035858136,5.602569103620693
1,6,2,10.157800484604293,10.86912339704191
1,4,1,8.243411104165972,9.865715419743506
1,6,6,5.76078634263618,11.473978437643883
1,1,2,12.323759637085939,9.293432462971774
1,3,3,6.447023452607567,6.297219970369288
2,4,5,9.355750126299496,10.161295904121978
1,5,7,6.676735527071153,5.36370964788451
1,6,1,5.863839273308262,10.012477986116552
1,5,0,12.591309571191712,8.82283016475034
2,4,1,13.448003568388634,9.56014318688798
2,2,3,13.645734476245549,7.549714867896148
1,5,1,12.805036537914479,11.989780983514297
2,4,4,11.902961217127588,7.540588084062189
2,6,2,8.114628193415188,7.2883974211295754
2,2,2,5.259006786526596,9.55705877045586
2,5,1,8.730330351185595,6.0277724334883755
1,2,4,6.749730726370147,11.245002224309468
1,5,1,5.574328642014668,6.161034472265033
1,4,6,5.126118823279204,6.9483112850977875
1,1,4,11.368571561617083,5.931296497606041
2,5,3,4.658563712208459,4.756876222455532
2,3,3,11.486421055658829,5.618930707118942
1,1,4,6.180965237326416,9.024144673658938
2,4,7,5.324528686530608,11.691089668230015
1,1,6,5.29234183646874,6.814887901729985
1,1,0,10.792414732234601,9.820734340650816
1,1,2,7.181881288786489,8.750716596960446
2,3,6,8.595452425961254,10.1712256220483
1,5,0,9.848828828810202,10.289123809392272
2,5,6,12.564721238040814,6.1830735191832575
2,5,3,11.47756254542288,6.959171456081219
1,5,3,7.033886313388209,12.839076797836755
2,5,1,5.899244568979652,9.692558656746199
1,6,5,5.284428330788342,7.928001265723644
2,1,2,7.53528696147634,5.105096053683457
1,1,5,6.943867220167081,7.772436592850141
2,6,3,9.136446287059108,10.150667968355528
2,3,3,10.889892115152282,6.960900602437447
1,5,2,10.98171469636491,4.736315578028621
1,4,1,7.577812407967074,11.87226645799422
1,4,6,8.137550619472659,7.397131700543296
1,3,7,6.055388174222334,12.221091371979485
1,1,0,11.664625327813678,11.995776171913828
1,1,2,5.1821070280747294,11.004493544991297
1,1,0,10.588439406638745,8.417114224843225
2,6,3,11.915876490055403,11.53167271559534
1,5,0,11.581458147076182,9.680095809465367
1,4,2,6.981552783299756,10.623009639704316
1,1,0,7.918759200258681,7.695297275517208
1,5,0,9.82826941442038,10.8917891529991
2,6,3,7.16429512483052,9.0743395721398
1,1,7,7.897455377586333,11.55985615843315
1,2,5,6.452715550323187,5.771598688420685
2,6,4,9.190994551508256,11.919603167518327
1,6,2,4.698418830386813,8.176375449283269
2,4,0,11.668258497052218,12.595857376049285
1,3,5,5.398041801309883,10.530120622641052
2,3,2,9.599691005813773,12.204097061278878
1,4,5,7.597818174481547,6.915470807178523
2,1,7,10.074498803092657,7.454069099945867
2,4,3,13.457394381626264,6.429059417222231
1,3,2,10.340087739373391,10.810897407532844
1,4,5,4.858415405957676,9.084792982594045
2,3,7,8.591234016732727,4.91339631129378
2,5,4,9.291037744998441,10.583289478254503
1,2,1,9.47731698112543,6.74609664272426
1,1,2,10.669145473407276,10.428255569810355
1,1,5,7.070113378931187,7.8852328416313435
1,2,0,5.983968149071882,8.948648568096125
2,5,3,8.695816929713493,5.390832292287646
1,4,5,13.227003996844802,10.401788026462981
2,1,3,6.017270700980731,4.757699657830529
1,6,0,12.464238372349854,8.987239717583485
1,2,2,9.316112533266477,8.083897189031044
1,5,1,9.100169613126255,5.3208634750720885
1,4,1,12.78125186147991,10.407179591530666
2,5,2,9.008250264959122,7.522997442346879
1,6,7,11.354073239923029,5.757436812729703
2,6,6,8.653811681201445,5.158529827497286
1,1,7,12.426776095007202,12.47564617225286
1,6,0,10.60787304884152,11.689666428792284
1,6,0,10.966130311814359,11.420677890741509
2,1,0,7.38951557957176,8.340740964052468
1,6,2,11.128845279256188,5.660751225311481
1,3,5,10.130954305436884,6.682047476026602
2,2,3,6.921678487888735,12.52367520471988
1,4,7,6.386598503667713,10.365869088210037
2,6,1,11.633854696073747,5.732314575580552
2,4,3,13.383495487447721,6.3445610872212646
1,4,2,8.809934263079386,4.617164593914402
1,5,0,9.955287283155979,6.11202223712247
2,5,1,12.838931438003966,6.157397725590534
2,2,7,8.972642315567516,12.914893682855787
1,2,5,13.264906800138494,6.495733021717229
1,3,4,9.88509552105515,5.737897384244009
1,6,3,12.201801366614974,12.378583951586975
1,5,2,13.163256982331461,5.116762604717724
1,4,3,12.307433866457032,12.377311695503796
1,6,6,6.347263037341433,9.18714494453351
1,3,6,10.564882034362821,11.322698123657538
2,6,1,8.6263617406445,6.567101820352048
1,6,3,5.501213777778308,9.866839728260967
2,3,3,8.379289142733496,6.436919993390662
2,3,4,7.159281611927466,9.525049982802466
1,4,0,12.213103757420463,10.864443308962553
1,4,3,5.007816389886235,6.2356477934187735
1,6,0,13.530371879313385,12.865694181553756
2,2,4,8.189681872043963,9.81121782902999
1,5,2,8.005827394767469,4.660139026934709
2,3,6,4.898497105260784,10.215859503507223
1,5,3,6.38996153156486,11.935981516199162
2,3,3,8.649702225360757,6.386139620726065
1,1,1,13.153395830694176,4.8176753583378655
1,5,4,5.544364402582764,7.436061207799872
1,4,7,12.936402108114505,9.162585840397625
2,5,7,12.628001985567186,11.92656916547187
2,6,3,8.85819203713742,10.371822487682314
1,3,0,7.401486393077108,11.308854402283988
1,5,2,6.850688829564286,11.216610023625744
1,3,4,10.543144299597696,4.998480741164721
1,6,3,4.768952197089249,11.34635254284129
1,6,3,4.817040210456947,6.208617831317464
1,1,2,8.655173970404299,10.797447504155556
1,3,1,5.115881254580665,10.809559687180453
1,4,5,7.207506792334703,5.663079810473613
1,5,7,6.516044077578026,5.284682976642353
1,1,5,7.0458419564042,7.616063647335704
2,3,5,5.923382856334597,8.656910482121454
2,3,3,4.655992256450475,10.196037478015894
2,1,7,5.560669522168954,7.954576236037894
1,3,0,10.303280032768955,4.671016897970034
2,3,1,13.534765239101286,7.274728597359768
1,6,6,13.704468948926836,12.893928002429174
2,6,1,8.61275935755607,12.760603297845073
2,1,5,6.308752453398148,12.906866406195993
1,3,1,10.181542669595107,6.6674127870207665
2,1,4,9.192692397821784,12.561535902156074
1,5,1,13.497904580409418,5.692670886410037
1,3,4,5.36690599968285,8.50136787459709
2,6,4,11.65947676333746,11.487402776792633
1,2,5,7.392995170214973,10.63339598969874
1,4,7,7.1298047405642695,10.643562148206888
1,5,2,10.638353778608417,4.6575022603267
1,1,6,6.929526697253898,10.374286457086058
2,3,3,10.851243960610486,6.900889421385699
2,6,1,9.486542647994389,10.295944458919159
1,4,5,8.333236820660904,8.97521494663529
1,5,0,9.906435656863486,10.102779850303312
1,1,2,7.52987261844874,12.750635629924492
2,5,0,11.201169611379811,8.012184185589643
1,2,1,8.639816968797629,12.463858170972978
1,5,1,8.052308564537974,4.9613396555859905
1,1,7,12.342227836931214,9.25455619681508
1,4,4,13.131987336483238,5.476440607942314
2,3,3,4.8440448748247125,10.05593163174984
2,1,0,6.746731342561004,10.19113590083683
2,2,1,7.98266532858569,7.926212605203375
1,1,5,11.996441297320821,8.593631908747321
1,1,0,13.621879029573584,8.056309757672961
2,2,6,13.594245365279779,5.959719301837042
1,1,6,12.756690425810934,5.49393867114049
1,3,7,7.429575092272079,9.66981792935005
2,4,5,13.72660529655436,5.36945166152198
2,2,0,7.279846167051332,12.16678715945737
2,1,5,5.963101323636793,7.056506170823621
1,1,2,13.25186213546836,4.957756733881744
1,3,6,6.768975348095408,9.668043357915575
2,3,0,10.939340707684641,8.178377164832433
2,2,0,5.324530322166366,4.618054702561206
2,3,5,11.384843078283087,5.390340166139017
2,6,6,12.482858372632856,9.427182863853897
1,5,6,7.271976586718612,7.011242214129615
2,6,4,8.031413865095898,11.064223532395397
2,2,2,8.173956516164184,9.898529522164662
1,2,3,11.234085865513418,7.500804943380042
1,4,7,7.275377393182066,10.676703127553091
1,3,4,6.035484474034352,8.726260320261824
1,1,5,8.762344041770016,8.921244621109135
1,4,2,7.798306311412684,5.072053859754265
1,4,7,12.161735421439351,4.617259250598095
1,1,2,7.326317926845999,8.040124362971303
1,3,3,9.173541540119363,12.041868539958474
1,6,4,13.157747713857287,11.822424224526742
1,2,0,10.373597746892116,7.622946801912974
1,5,3,12.495124700098932,8.984770431511336
1,1,7,12.895977415072801,8.756318832176484
1,6,0,11.400331382172977,8.157666244415745
1,4,1,10.975210288330455,6.422355471388759
2,4,3,13.666128802804447,9.227021339336654
2,2,6,13.62917563238349,6.102944597286011
1,4,0,8.933864037392633,8.039960620339471
2,2,0,5.2269111561637525,4.7681185433168976
2,1,4,7.423333082959876,11.851428694767012
1,1,4,6.195657419988247,9.094079683548816
1,4,0,8.543700169815235,7.209535713206645
2,4,7,5.965839089053551,9.584395621126804
1,5,4,10.539858779219479,9.920164591375153
1,3,6,8.018194399504278,10.644051864741419
2,6,6,12.441783278584877,6.230677999501252
2,4,0,13.663581161864265,10.17694899769148
1,2,6,9.534194295041564,5.607791242159388
1,6,5,6.92872059601764,8.832284615007508
1,1,5,9.859646421089355,7.853569002051509
1,2,7,12.710027626986857,8.112791709864933
2,5,6,8.298903335127322,5.239718756017801
1,2,4,9.618706234642897,5.64385746680608
2,2,1,7.354261727054657,12.382258422181435
1,5,4,9.07201900906351,7.6851142511727115
1,4,0,8.32101509250058,7.494402694116351
1,1,2,6.946823498786404,12.705222975233124
2,6,6,8.9060633503913,8.095314699149277
1,6,5,7.384929935140695,11.026975561431113
2,6,6,7.987239107658016,11.179110150504288
2,3,2,9.203317119392345,8.359202831051773
1,2,2,11.471105232453548,4.975874018366253
1,4,2,8.202457351039268,7.312826796815584
2,5,6,12.885489604851832,5.152749904200981
1,6,3,12.804595855813202,8.964102373444334
2,2,1,5.182447841630892,9.337979197734072
2,2,3,7.0082472988357,11.37779828124814
2,6,2,9.049733972390339,10.105245584961251
2,4,2,5.972865655937759,7.927392610103701
1,4,2,7.884597781784892,9.402631039527945
1,2,1,11.029302759158838,7.5752181212455465
1,4,4,10.737830657683938,11.019909828018191
1,6,1,10.123653500775156,5.193282850007375
1,6,7,11.30232380639698,4.828917561824605
1,2,7,6.850365490547329,6.688461417647865
1,1,0,7.913744141886483,9.601357462490729
1,2,1,10.620548673643492,10.679346119914497
1,6,7,12.55381167845651,11.533738885026402
1,2,4,9.636928159020492,6.9780559454912785
1,6,2,7.430967721059405,10.652837542200981
1,2,1,5.072146124918156,12.311688805107622
2,3,0,11.191496941909383,8.493039554272823
1,6,0,4.846868892488289,11.977476713250981
2,6,0,7.962002087408522,10.898336548838259
1,1,3,9.626857845341862,11.824776402833981
2,3,5,13.290971419449827,11.647350132192669
1,1,5,5.377935698199661,5.126112570172374
2,6,1,8.369212157060703,6.683274375821047
1,2,7,5.084220870085233,12.518809852647296
2,2,0,7.875183907203946,12.34861925446781
1,6,3,10.377733079698274,10.044251084300447
1,6,5,6.986143109457979,7.56835004860717
1,2,6,6.867952689576274,5.94750116621772
1,2,6,5.976253443851535,9.74714734061868
1,3,0,10.023035809870978,9.658176074736105
1,1,1,10.713510468703348,9.526658276257907
1,4,4,10.68013896983829,12.677009206529824
1,1,4,13.19810596692125,12.622710995082077
2,3,7,4.7635867543250745,8.796615374668995
1,6,1,10.304156810708538,11.019395763385466
1,3,6,9.676709408458896,11.69461539394417
1,3,5,9.71598541137098,5.9126084131892584
1,5,5,13.319477392513644,9.862818137236523
1,2,0,4.666222179891718,5.8370252254673565
1,2,4,10.60265075853756,5.530780909279649
2,5,6,12.13161613124238,9.503281488542786
2,3,6,9.4503679634802,8.860735151425551
1,4,6,8.16676745309817,7.113724011569667
1,5,7,11.547831670286898,7.486357819631181
1,1,2,5.737116119163918,5.383709102112548
1,4,1,8.5761125123609,7.973564924866564
2,5,1,9.237391529068324,6.7705176834380225
1,1,3,10.772402790941337,11.790285770693512
2,2,0,5.256121866728722,5.001606052042007
1,2,1,6.891367421545107,11.019086528050643
2,3,5,8.31156753060719,10.363554148346328
1,2,3,10.299059153293763,6.0455519959716195
1,1,3,12.587056705548635,12.267793648520097
1,1,0,10.445035978453467,7.848070089777953
1,2,0,5.690741407158406,12.36542999390593
2,4,3,13.403275626041484,6.392565358385784
1,5,0,12.530451153216571,9.437396903579085
1,5,1,8.957059412638,7.822467748739331
1,4,4,13.287371924770081,7.873770198600307
1,2,4,9.562625330282426,11.974669536832618
2,3,2,12.979800029293601,4.8818800481487505
2,2,1,12.19463355102495,12.773492916486221
1,6,4,13.62446947701128,12.563724118361206
2,3,6,13.216743397881636,5.42495928084838
2,3,7,4.834440806065236,12.823011108870682
1,3,2,6.1832351240772745,9.308359590743688
2,6,0,8.178992670377983,11.148324566249725
1,5,7,13.050490260722759,6.955236178105016
1,4,2,7.484780381909784,5.305748144587272
1,6,7,6.208209195454958,10.18516777797824
2,5,5,12.82454471347054,11.515039112950712
1,3,7,8.807078261891238,12.383859385672
1,1,0,12.607709202860017,10.111371955034603
1,1,6,6.292197389328721,12.736901538020165
1,4,4,10.78997954153683,5.4978806818528305
2,6,3,8.378163129602491,7.573367791309547
1,3,6,5.088282572037033,12.488372271150158
2,3,7,10.888515991745422,5.915962279147329
1,5,6,7.19734298341009,12.064633558207293
1,2,1,4.634179213608684,5.22703989253148
2,4,0,5.223826991556297,11.465798333759434
1,6,5,5.4385633724862235,6.005584993613671
1,2,2,12.683761869038864,8.119047104956815
1,4,2,11.275079372319734,11.017131141517886
2,6,6,12.467826292248649,6.099329187262331
1,2,0,10.891851797834128,10.167134142739151
2,5,1,9.414123321422464,10.785960812664038
1,4,0,7.681311332192392,8.04300182052599
2,4,0,13.657309612026761,10.130862082313222
2,2,4,7.9344702521415345,9.811154011846293
2,1,7,9.090041339499319,12.91470351908612
2,2,2,7.956271996511765,9.621042484090637
2,3,1,13.759601792482222,7.414280806036608
1,3,7,6.056265861757284,11.278909140769036
1,4,2,7.77520452030922,5.61633448925941
1,1,4,10.58772937955803,5.765941688868428
2,2,0,5.2046479802635,4.8008338064177485
1,5,3,10.352723675399165,8.124572318001654
1,3,6,9.00764179036086,4.72053931506
1,3,1,7.552515514797375,11.474205308719581
1,5,4,6.961305531569252,9.706117089920818
1,2,1,9.31416019020858,12.643439097371632
2,6,0,7.957783191194652,11.132063883121223
2,1,5,9.086947723627771,6.1136776535925215
1,3,0,8.243464446697185,12.49606811904843
2,2,5,13.582081541813716,10.014455587904088
1,6,3,5.560448941493955,11.910222009871871
2,4,6,5.906159048410475,9.64753811824579
2,2,1,7.967927852510774,4.7399762400884535
1,3,6,9.810845822193498,11.908317173051369
1,6,7,10.811402946333645,9.475013336942581
1,4,1,8.398905741886693,12.503000746967064
1,5,3,13.730348780932026,10.091992329571905
2,6,5,7.903037821032437,5.046721034966715
2,4,2,11.21552102508665,11.22230028014348
1,4,4,10.244728329759454,7.8646468429905765
1,1,3,12.177115887899825,10.76255154263141
2,2,3,13.572292883109272,7.724525087101441
1,5,3,12.682948425425357,9.060605183521314
1,1,0,11.725574438806474,8.11707016216021
1,1,7,10.756868080661363,8.442050584888904
2,6,6,8.118215080102665,11.022818795086598
2,1,1,6.185352900085797,9.106095927667525
2,5,1,5.443093138482332,12.026576207919138
1,6,0,7.274746394818673,7.929581981437319
2,3,7,8.418643353326592,12.062302170209671
1,2,3,9.368610683467285,11.97671182938503
1,1,2,11.77008414373955,6.913642488487233
2,2,3,13.381841778729624,7.830825243244732
1,1,3,5.862668294861544,12.185343070175156
1,6,1,5.718495932595217,12.909708902831957
1,4,3,9.925584703841936,7.826099702983053
1,6,3,11.089761402699072,4.862619959344667
1,4,6,12.244918157699136,7.7101370937752876
1,6,5,13.015014720056882,11.95650191051657
2,2,3,13.526010226596997,7.786590817067526
1,1,2,8.474764412584708,10.81796759294873
2,2,1,8.046093872594115,4.852732419953259
1,6,4,6.318414899875492,7.618267663257756
1,2,6,10.714583413982554,10.211176118575345
1,1,3,10.867074414195505,11.793894351388508
1,1,0,12.423972617605987,9.571513493177752
1,2,5,5.68138318678999,6.631625821117863
2,5,5,9.082373571359948,5.679183312819243
1,1,1,9.679518905580158,7.194865353282935
1,6,0,7.198442386934477,4.633245254314644
1,1,3,6.012738439366218,12.581259344423085
2,3,2,12.611863245977043,5.215973856626472
2,2,0,5.493340280460958,7.393793365474586
2,6,6,8.746569888570187,5.124705353087322
2,1,3,5.784916789876106,11.145064553570853
2,2,2,8.772309858293022,6.639296118540325
2,4,5,13.70619780347631,9.510017667023765
1,4,5,8.59864736146942,8.122923043246411
1,2,5,12.278583269959455,6.132945792307883
1,2,2,5.8498663829347395,12.936888178326116
1,4,4,6.917630346791529,10.812371057813971
2,6,6,8.30394821730971,5.172230085043028
1,4,4,8.568762727578275,7.398474161078514
1,2,1,11.025876910271649,10.51169689983398
2,2,3,8.227189500020284,9.01047387547827
1,2,2,11.345646922274549,9.343190996736759
1,6,6,10.444542368121247,11.042491483186806
1,1,1,8.388691372605573,10.62647409704372
2,6,0,8.62848526041512,6.556564364288914
1,1,0,10.243920753826771,12.461283894699779
1,6,5,5.1356163022057295,6.059190285508052
1,1,3,12.1501916414632,10.504774780417948
1,6,0,10.720044895782017,11.590385982721331
2,4,2,11.10288214711778,11.173009777291679
1,2,4,9.391408238975046,7.510216563045287
1,2,1,5.954108289076469,12.689458092372039
2,6,3,8.483975092143382,5.224575135683939
2,6,7,8.489466735650696,11.917805701716901
1,6,7,7.695312225257049,10.815165383463773
2,5,7,4.870071138678958,8.65528053434399
1,6,3,11.085051622634001,6.289298872865502
1,2,6,5.960134312808777,10.530061831990237
1,6,1,10.31527518416138,11.215580355150845
1,5,0,10.929787309118604,4.858868096205754
2,4,4,10.290036581133931,4.978952292434416
2,4,7,13.678668483972288,12.280347880162655
1,4,5,5.72220008223852,6.368064377626056
2,6,1,12.4970342448658,5.865833358938886
2,5,4,4.720251175156707,5.029803960716201
1,2,6,9.62818616873492,5.504558575288956
1,1,1,8.553072749634373,10.71143466418487
2,5,6,9.221511569403742,11.480289262334406
1,1,4,8.00572630461426,6.438707995100006
1,4,6,6.107976116891327,6.087763188935103
1,2,3,4.669299252695594,12.14166164213223
1,2,5,9.28407798474137,5.018972386565687
1,1,5,11.965682507029092,10.232557855330827
1,4,5,8.119804616845427,6.703136321803393
1,3,4,6.537081749907386,10.2020018847728
1,4,5,5.366453302593838,10.342662736219863
1,1,4,5.3672421614941,5.577708766928306
1,3,6,6.779901085919323,12.419245486821005
1,3,6,5.778197345793101,10.763223684913973
1,1,3,7.044624844555827,8.461646879582402
1,3,6,5.488275315791497,7.099767479579342
1,3,2,5.248728353838481,12.120680735766099
1,6,3,12.149003664824658,12.46861526031932
1,3,0,6.2897195886448864,11.489839976384848
1,3,0,9.891351906256364,11.75659569195545
2,6,3,11.919762604319654,11.383985327305544
2,6,5,9.17807972338811,8.609193049246219
1,6,4,6.4257954921197955,12.641330746313733
1,3,7,6.884581187057832,12.458130218506755
1,1,2,8.55052824024963,9.702482112639716
2,5,1,9.422696411976167,6.856667331578524
1,3,1,8.14997406090071,10.238418220528656
2,3,2,11.581241263057365,6.005567359590112
2,3,1,11.147474781333123,10.786862976175499
1,5,6,12.873287943226712,5.141310327917552
1,2,4,4.705022314752151,12.562444411151553
2,3,4,12.39823227242801,10.091858168978622
2,2,0,8.584180548186948,11.121094358046209
1,6,1,12.460602182721757,6.098737874082382
1,6,0,10.928572918058652,7.555785240263084
2,4,6,13.620953697001822,6.693876980214696
1,2,0,11.926252761990535,11.892344953037071
1,3,2,8.00945705349938,4.748108888306786
1,3,3,9.162856052558723,11.996311789277508
2,6,4,8.035582094329984,11.702852550112926
2,6,3,7.983413754142061,8.126554141980606
1,4,7,6.961445838149713,10.720362906387455
2,6,7,9.145241434260905,6.6810069751371595
1,1,1,10.932278049833384,9.511848146744606
2,2,4,7.062214455867673,10.395935288999059
2,4,3,9.406955666771765,12.574904661565533
1,3,2,5.69278449020978,4.794044070666921
1,5,3,6.014237847382772,10.45698236408659
1,3,3,5.10770143897976,10.140655876724978
2,1,5,13.478519195354314,11.852733682651095
1,1,6,4.726370955654017,10.586890302159404
1,1,5,6.240673847077623,8.934024039227792
1,6,1,10.198175839247652,11.194424576518152
2,2,6,5.179544125564957,9.273667796592122
1,4,7,12.70374633457377,11.203340550298215
1,2,1,11.362054237119423,11.50202679393637
2,4,1,13.452721989437537,5.172478060731263
2,1,7,9.134808817287222,9.008336973406037
1,3,5,7.487832586335005,11.759944591002434
1,2,1,9.355882046204094,12.731673500864765
1,1,5,13.178747098794169,11.285548245230562
2,4,7,9.219094857936597,9.554037974591017
2,3,1,7.341443974945971,10.998125085147825
1,2,7,12.429507202683268,8.08899853438894
2,2,5,8.03888343629005,9.192736592944222
2,3,4,4.961636258700552,7.368501964469731
1,5,6,6.936380308740365,6.870652877410191
1,6,6,7.741073520714778,12.85457514134428
2,6,1,12.843634369392094,5.892280341415237
2,2,7,8.952319571587743,12.346588202316891
2,5,1,8.339098113227914,11.076861514850435
1,3,5,7.865543561575432,9.136979992697414
1,1,6,12.441563755801331,5.6918319504314665
2,3,3,13.20294041013071,4.817151177347369
2,2,1,13.499216847735935,9.827671645677974
1,4,2,8.248242643357115,9.936613500575797
2,2,7,13.5113803972771,7.674032512706781
2,3,6,11.518074740774566,10.675971885900784
1,1,0,10.764236983922904,8.65660186590581
2,6,1,7.259511866509511,11.274558013206539
1,3,6,6.836735452419589,12.397871813032708
1,4,7,6.01904470318016,7.513558004651051
1,4,1,12.935680556496045,7.69556174935887
1,6,0,7.595354818135741,11.11353193484868
2,6,3,8.800462678904513,10.337705466740198
1,3,2,9.139878648268569,11.83779535635062
2,6,3,11.909709291549582,5.559844545426887
1,6,6,12.085644803906328,11.681428694127362
1,6,4,5.742897069480025,6.841876216077446
2,6,5,8.539607615650235,7.945722377492025
2,5,4,12.070071467977414,9.133250842376084
1,4,3,12.186819342987112,5.537734544771604
1,2,0,5.636158565939565,12.870213563336742
1,6,3,6.136578141965702,9.187938435545375
1,4,3,7.573322768505772,12.640649238111843
2,6,1,5.363662181772552,8.222395660376836
1,2,7,8.530065213451751,12.013142715745474
1,3,2,5.663477373709144,7.564105058233405
1,4,0,9.761463087910839,12.450182768926995
1,6,2,6.9689336416537815,8.906804311784809
1,3,2,10.01348992502682,6.158197867664432
2,4,3,5.589433689797668,11.255649425176404
2,2,2,13.644882068420145,10.45836399757228
1,6,5,12.966919454442666,9.449429810712827
2,2,7,8.415127172957142,11.814476124110833
1,1,0,7.250949137224762,7.993498868730454
1,1,6,7.2160199430378436,10.323783345709005
1,1,7,9.080871505890794,9.186031406070299
1,2,2,4.866015174604982,6.493897253476914
1,3,4,10.504839908645657,4.759311101501843
1,4,3,8.340774736615746,6.467409917771135
1,5,1,8.123058654158964,7.702050356248161
1,1,5,11.993664106587174,8.583540674654255
2,4,2,11.362822009371389,11.030430182448887
1,1,3,13.017228805851428,4.648578901621676
2,2,4,8.136619238852289,5.439213892621138
1,1,0,12.717823525107207,12.524029621967506
2,3,3,11.784609706015042,11.76523666298526
1,4,6,7.929534496665043,7.213453851895793
1,3,1,10.492370748047714,6.462358451198319
1,2,7,7.481207375098459,9.901989620602308
2,6,6,12.633161931237217,5.877159305844226
2,4,2,5.852441979048499,7.877275477813185
1,5,6,6.564595333370151,5.713578164162386
1,3,7,6.28818117261855,11.38852358844688
2,3,0,8.416165996903255,9.557323713496267
2,3,3,11.104310593744016,5.306729755495418
2,3,0,9.56866980252608,9.743030959590936
1,1,4,8.99462560426302,12.753485583917634
2,5,2,4.78040901029473,6.688126785188602
2,3,5,8.552570568963413,8.382257716266476
1,3,3,5.098991767497158,10.738701514528449
1,5,6,6.517187045872644,12.462706747672506
1,6,5,13.033982997824436,9.066657026712305
1,2,1,6.903621293649289,6.755064789164202
2,6,1,12.629654158421328,6.112721153543253
1,1,2,11.517760861652924,10.354633634285072
1,5,3,6.350549462670583,10.618021359314207
2,4,1,10.469367422333379,5.690261524291588
1,2,2,5.898194819817523,12.630926971475088
1,6,6,11.286175345355069,4.745324197825953
1,2,7,10.43019785726742,6.200742012619059
1,2,5,12.03715900945321,7.733225303494612
1,1,5,9.076595287524139,9.381609065475022
1,2,1,13.226115770913108,12.160230106130832
2,5,4,5.43460383818014,5.6036824848643025
1,4,2,7.532976406380367,5.24824022413306
1,1,7,11.296010553448193,5.96028697189524
2,3,2,8.572468654428965,9.114792645204902
1,1,6,6.412570732312782,12.68514686292816
2,4,4,5.593596693329611,10.959368343974537
2,2,4,12.320600969441669,8.906777983513754
2,5,1,8.982434516159625,5.374697538999441
2,4,4,12.560282224389136,11.652831090950112
2,5,5,11.23414646857847,7.09657229239517
1,2,1,8.290909670191809,12.115395555268266
1,5,3,7.92885640765712,5.761648020883501
1,2,0,9.496956692383504,4.833892509159384
2,3,6,12.698347433593394,6.74862900948843
1,4,7,11.252006080905492,9.297394459138271
1,2,7,5.066119206155216,5.148724605502197
2,3,3,10.788895568060886,6.865058639101034
1,5,6,12.996689997092373,5.643754469492612
1,6,0,11.41329878545973,7.91944615698534
1,5,4,6.119455410095219,11.717034104842668
2,6,7,9.018006809824778,6.575689082896151
1,3,6,5.865585929039733,7.88502278583069
1,1,0,8.20368599742043,9.343509886519572
2,5,7,13.212043511669195,10.131173112845403
1,6,5,13.028734882135398,8.870561792031166
1,4,5,7.398544266378684,4.740365959929482
1,4,6,7.845814168382773,7.1735935291477135
2,6,6,9.98743634696116,9.424435442015733
2,4,0,13.749403991502842,10.1316653430183
1,5,6,6.157831006097105,11.704084754300162
2,3,1,7.116240059160632,4.711969815707078
1,2,5,12.728016916274708,10.785401364982196
1,4,0,9.042457887084415,8.119526928369968
1,2,2,12.51528261858873,11.227920982543212
1,3,7,6.307857572042736,12.501925940165608
2,3,5,9.338048966578599,8.46340696316907
2,1,3,7.5342991127235805,7.762565923040863
1,3,6,7.617967037081802,11.643223608196
2,6,5,9.076482560953712,9.436818095279385
2,3,3,8.354215260224482,6.350383812107273
1,3,0,7.838367803465657,12.212300340011058
1,4,2,13.14007760656674,5.858957284100925
1,1,4,11.037242234510222,9.73572959494051
1,2,1,11.046560580747217,7.890683587329695
2,1,3,7.47464729479711,12.023727138669761
2,1,2,9.954279191602318,5.756689760592881
2,3,3,11.513233330449753,12.409636511222372
2,6,3,11.511342427114288,11.605302108170434
1,5,7,8.272389406461372,12.461871619556947
1,5,4,11.675908306772126,9.63705071650911
1,6,7,11.433694653912013,5.5176431374741055
1,3,7,5.643165742653296,11.486875786381376
1,4,0,12.59527373603243,10.115882255593736
2,5,2,8.4486930104405,12.74739551036848
1,4,3,8.822778062418184,10.64907397806991
1,4,5,8.892157877582479,8.414872430522317
1,1,5,10.10636117956439,9.230543230980949
1,5,3,10.45377414471626,7.950614312875469
2,6,1,8.916759630604592,10.370904205820963
1,1,7,12.583429125961832,12.14310135864207
1,6,7,10.232873531233492,10.427745501280048
2,6,7,8.527859557406568,12.102338498297353
1,2,5,8.621186735353163,7.839888520812883
2,2,6,12.253318155835164,7.300609898420813
1,4,1,8.039668597170463,9.725904856228604
2,6,1,6.477040503519888,8.9501408767719
1,3,2,5.508398127311004,12.252825977088289
1,1,0,12.583268952723055,10.60873686330176
2,3,3,13.03157011402014,4.91745496922075
2,4,3,5.5456751924741114,6.652026188610431
2,2,1,7.891467847817004,9.676747260924666
1,1,7,6.397972589413066,7.630463415694467
1,3,7,5.779026894895427,8.449480109447414
1,6,1,12.731048711500273,5.882988374565179
2,5,7,5.155125734609787,11.632038330473405
2,1,0,13.460861914823061,8.158622595594675
1,6,5,5.9280404710071695,7.141010152136956
1,1,0,12.771350509767776,9.796875415624736
1,5,3,9.768318216045504,11.047680826053277
1,2,0,7.838362366211361,12.849287422971514
1,1,4,8.19672903064034,12.009732228688113
1,2,1,11.103151030673043,7.1690934102119375
1,6,6,7.731333658358597,12.786388040698345
2,3,0,10.88151190152223,7.741630252310504
2,3,5,9.27565383094748,8.367710626379603
2,2,5,8.777806157674357,11.337915373681998
1,2,0,12.820225439599866,10.72137649870005
1,6,0,9.928698311709429,9.76388976204281
1,1,1,12.223106112270546,11.261289529654935
1,2,5,11.235018481166769,11.485302488362818
2,3,1,4.69918123455177,9.481308372000754
1,2,3,11.757822806165146,11.748368227825516
2,4,1,6.573215276232581,11.0596868316948
1,4,7,12.764606171559933,11.165715022673075
1,2,0,4.965342905205533,5.7947827584702045
2,6,4,7.840779768830282,10.943180422808231
1,4,5,5.970198201724472,11.02532217320352
2,5,2,8.758541131678989,7.310245342779385
1,4,0,11.980587812789048,11.043418266587931
1,4,2,7.505235086712522,5.229389026381371
1,6,1,6.069959976211659,8.901616620325159
1,4,0,7.4793842289309875,5.368143332456307
1,4,2,12.10218717130142,7.909574577079639
1,2,6,5.8802409119064425,6.425739851019408
1,3,4,6.642759924002946,6.962331550344512
1,3,7,5.210707130216912,10.185915902302078
1,4,2,11.250916220496759,12.350022009368853
2,2,1,8.464479636371166,11.149651932826089
2,1,4,7.513471274564172,11.901535721382697
1,4,3,11.437400658606569,6.561289355577291
2,6,2,8.079776221528821,7.428324526451067
2,5,0,11.472477500431525,10.794836888085326
1,1,6,12.292725565872754,9.273362316877305
1,2,7,6.718494151105406,10.117504018197598
2,2,5,13.429979280078953,9.825234234600549
2,1,3,6.314828008136563,8.990610133708715
1,5,5,7.579779414766137,7.0330517386119915
1,6,7,6.330608212898544,10.242818921048695
1,1,1,8.012775496441844,7.904151671655791
1,1,1,8.968533431924186,12.849140408211321
1,2,1,9.208213947484747,6.907565637665524
2,3,2,12.27767176443486,8.28978782020701
2,3,2,12.41211895435751,5.22956150813392
1,2,6,6.76884695575967,6.839037334565966
1,1,0,10.378260386304724,8.12621037547346
1,3,7,5.898704366939846,8.552026982162793
2,6,3,8.874325880693842,10.298252760814869
1,5,5,7.684934811185526,8.800138874816618
1,5,3,7.466115107777969,12.82911733392775
2,2,0,8.983730242579643,12.51217481259082
2,5,5,11.181465542238213,6.8877906617510565
2,2,0,5.534412189549931,4.6437493944923744
1,2,5,12.840424436198656,10.527536243616348
2,5,4,11.121481020411673,11.31937958615726
1,5,6,6.259642417932698,10.55047493108915
2,3,2,13.00377016711204,4.945645270823501
1,1,6,9.184393123694697,9.195191877364454
1,6,1,13.732426306556242,8.725791471722887
1,1,2,6.268827856114647,8.336925209224791
1,2,6,9.52770987414845,4.692139839594729
1,6,5,7.68274847337502,8.018032256167354
1,4,1,7.532927632299604,10.845823794936809
2,6,4,10.074185838372145,7.679469524704206
1,1,5,13.264159023230306,8.70006097461078
1,5,3,11.63388397657578,7.533183627853489
1,6,7,11.36744110209592,5.860275698979456
1,1,1,9.659732583689179,7.119966895439748
1,2,0,13.226200337764066,12.36202007853249
2,6,3,8.999991602657637,10.830289411042687
1,2,4,12.831489228105248,11.206157131013388
1,6,4,12.105560095681584,11.821969214367112
1,5,1,6.7437165697404815,5.790036062771791
1,1,4,11.630386594612952,9.774723448762204
1,2,0,4.988213942713818,7.321186266844338
1,6,4,7.6459193361562425,8.097006676498948
1,5,1,6.908972613789467,5.595458775161272
2,5,5,8.742414115444964,10.686082815029618
2,2,2,11.090321293373474,9.52035386893986
1,4,4,5.564172164656698,7.8206518302409735
2,5,3,9.256254357253852,6.183883872414766
1,6,7,13.277832266118894,9.200697364716245
2,6,5,6.891219583133879,8.583453862997096
1,5,5,10.788665994497032,12.25594651583012
