name,mfr,type,calories,protein,fat,sodium,fiber,carbo,sugars,potass,vitamins,shelf,weight,cups,rating
0,5,1,80,2,3,142.0,1.0,8.536027273513755,13,69.0,0,2,0.83,0.88,78.94094966882069
1,1,1,150,4,0,316.0,2.0,7.182065132226079,1,180.0,0,3,1.5,1.13,39.94064779169388
2,0,0,100,1,5,103.0,10.0,16.734341280975332,1,317.0,100,1,0.83,1.0,42.45580663619862
3,0,0,90,2,0,276.0,1.0,17.896738340963836,1,68.0,25,3,1.5,0.88,29.879103756437424
4,0,0,90,6,3,104.0,3.0,20.825185502203517,-1,2.0,0,2,1.0,0.8,36.70864611842657
5,4,1,140,1,3,22.0,0.0,5.658652713323336,13,26.0,100,3,0.5,1.0,87.33283262534736
6,6,0,110,5,1,45.0,9.0,12.708655076730613,2,42.0,100,1,1.3,0.8,19.70827485598109
7,6,1,80,5,2,277.0,1.0,9.739745657117464,-1,206.0,0,1,1.25,1.33,81.20105410198377
8,6,1,130,4,0,248.0,3.0,-0.7913997543198202,1,174.0,0,1,1.5,1.5,67.80779750986213
9,3,0,140,1,3,89.0,6.0,0.4038306122716095,2,312.0,25,2,0.83,0.75,28.56932584482276
10,4,0,70,1,3,63.0,10.0,15.390634104365619,15,30.0,100,3,1.33,1.25,81.77043313033272
11,3,1,100,4,3,232.0,4.0,6.388882147488179,10,279.0,25,3,1.25,0.88,50.166132283869935
12,2,1,140,1,5,309.0,10.0,5.132064407542233,6,83.0,100,2,0.5,1.0,39.642312058234175
13,0,0,120,2,3,140.0,6.0,0.8047078367960078,13,279.0,100,2,0.5,1.33,39.69498388768249
14,0,1,130,5,1,42.0,1.0,14.355993165464008,1,148.0,100,1,1.33,0.25,67.19243169268113
15,3,0,130,1,3,100.0,10.0,15.32605480597644,6,275.0,25,3,1.33,0.33,70.15603281707067
16,6,0,110,4,1,223.0,4.0,1.1057047674176472,12,14.0,25,1,0.5,0.25,68.58802099643174
17,3,1,50,1,3,80.0,10.0,1.7189102379506624,2,24.0,100,2,1.25,1.25,19.97484811754684
18,3,0,150,4,3,189.0,10.0,-0.6580446003648479,1,72.0,0,2,1.33,1.25,61.146918326782355
19,5,0,100,2,5,238.0,1.5,7.914444370077829,6,220.0,0,2,1.5,1.33,65.46444665745044
20,6,0,120,6,3,5.0,0.0,3.7890174611188554,7,47.0,0,3,1.5,1.5,81.9612715679033
21,2,1,160,6,0,268.0,1.5,3.4615019078294105,4,97.0,100,2,0.5,1.25,33.539178402208435
22,3,1,130,3,1,206.0,3.0,1.3355047487454779,4,59.0,25,3,1.5,0.8,59.256781425441886
23,3,0,140,5,5,91.0,9.0,4.44544454688369,15,325.0,100,2,1.3,1.25,38.86470166984203
24,3,0,160,6,2,136.0,2.5,12.865471821885675,8,21.0,100,3,1.25,0.33,18.592918423048218
25,0,1,150,4,2,34.0,5.0,2.5881084025704606,4,134.0,100,1,0.5,1.0,29.14206333209462
26,0,1,80,3,5,7.0,5.0,5.227985930790656,13,65.0,0,3,0.83,0.5,26.345113438677313
27,5,0,80,1,3,26.0,10.0,9.539108524605897,1,308.0,25,3,1.0,1.5,74.89145563048247
28,0,0,120,3,0,271.0,6.0,20.34981658883429,9,186.0,25,1,0.5,0.88,84.13695490837259
29,6,1,110,5,1,95.0,9.0,13.213689953141756,0,48.0,100,2,0.5,0.8,76.95964684132338
30,3,0,90,5,5,296.0,1.0,-0.09993674893968085,9,290.0,0,2,0.83,0.67,78.76370138430619
31,2,0,70,6,3,302.0,14.0,12.386399621826255,0,71.0,100,1,1.33,1.25,77.16848967041376
32,4,0,80,5,3,260.0,3.0,8.193353158546008,7,80.0,0,3,0.83,0.8,84.48594646490264
33,0,1,50,6,1,109.0,14.0,2.5084438215034712,6,66.0,100,3,0.83,1.0,84.48605633861966
34,0,1,120,4,0,41.0,2.5,9.27594218299518,-1,211.0,0,1,1.5,0.25,29.698404828518566
35,4,1,120,1,0,48.0,2.7,5.433129812456344,15,84.0,100,1,1.3,1.0,30.741772592592756
36,5,0,50,1,0,172.0,2.7,16.939424178329432,1,133.0,100,1,0.83,1.0,29.88615269977732
37,4,0,100,2,2,86.0,1.5,15.273918380550406,4,285.0,25,2,1.5,1.0,68.99336722475381
38,6,1,100,6,3,253.0,10.0,19.893963673442588,13,127.0,0,1,1.25,1.5,23.228051216981942
39,1,1,130,2,2,299.0,2.7,9.336960197673532,1,208.0,0,3,0.5,1.13,91.16960673730338
40,6,0,110,5,2,112.0,2.0,8.364950019957744,9,89.0,100,3,1.3,0.75,81.90843433499224
41,4,0,80,6,1,264.0,0.0,13.673962508736379,1,316.0,0,1,0.83,0.8,39.31994896420802
42,6,0,50,6,5,78.0,9.0,3.818830451627574,3,80.0,0,3,1.5,1.13,67.63954454487772
43,1,0,80,4,2,36.0,9.0,18.834913876487768,-1,243.0,0,2,1.0,0.25,35.66215532282589
44,1,1,100,2,0,165.0,1.0,16.92962890409097,1,192.0,25,3,1.33,1.0,25.594856428472575
45,6,0,50,3,0,254.0,2.7,16.61630955512383,1,79.0,25,1,1.5,1.0,30.77409731332339
46,5,1,100,5,5,211.0,1.0,8.157089600156008,15,326.0,100,1,1.33,0.5,66.35505609133888
47,2,1,130,6,5,137.0,1.5,10.553378176987968,10,117.0,100,3,1.0,0.33,65.92614761903235
48,4,1,120,6,1,164.0,0.0,3.196387654714061,12,293.0,0,2,0.5,0.75,38.755537181765014
49,0,0,160,5,3,207.0,6.0,16.677103123682066,2,129.0,25,2,1.3,0.75,30.922809306211477
50,5,1,90,1,0,317.0,4.0,19.699033328040468,15,309.0,100,3,1.5,1.0,22.635345514052176
51,5,1,90,3,3,311.0,2.0,18.070105116743562,2,40.0,0,3,1.5,0.8,87.71913964724158
52,2,1,70,1,3,145.0,10.0,4.129367186294272,-1,27.0,100,1,1.25,1.5,37.96774662739259
53,3,1,140,5,1,277.0,2.0,16.93393401585288,2,67.0,0,3,1.0,0.33,46.36431783631942
54,0,1,150,3,3,152.0,5.0,6.111796052038508,2,144.0,0,3,1.0,0.5,24.358270509114018
55,2,1,120,1,5,255.0,5.0,11.093509428857033,3,70.0,0,2,1.33,0.5,78.14450587858495
56,3,1,50,3,0,18.0,1.0,16.337815641493204,-1,12.0,100,3,1.33,1.0,52.64093726337704
57,1,0,150,2,0,9.0,1.0,10.692843541924498,8,208.0,0,1,1.25,0.67,92.98528327237139
58,3,0,150,3,5,203.0,5.0,22.339584885809685,7,289.0,0,3,1.5,0.88,70.10576797637547
59,6,1,80,4,0,89.0,1.0,12.810678829803697,12,58.0,25,1,1.25,0.67,92.29786049113831
60,1,0,70,4,5,61.0,2.0,1.1681887252060612,-1,315.0,25,1,1.0,0.5,52.81741642264867
61,3,0,80,4,0,297.0,4.0,5.845990593139126,1,33.0,0,1,1.33,0.33,41.01274469849045
62,2,0,100,4,2,239.0,2.0,22.94960506726753,1,49.0,25,3,1.0,1.0,79.09022355157782
63,1,0,150,4,1,218.0,1.5,19.59738319313969,3,95.0,0,3,0.83,0.33,72.22388692760029
64,2,0,100,3,5,249.0,14.0,12.108271143423584,2,283.0,0,1,1.3,0.5,64.54238071930635
65,5,1,150,1,5,279.0,2.7,14.513583503008608,11,183.0,100,2,1.3,0.75,66.50590328181413
66,5,1,80,1,0,58.0,1.5,5.761698726368626,0,72.0,0,2,0.5,1.25,34.47510456825308
67,1,1,90,5,3,86.0,1.0,19.32846899275648,10,81.0,0,2,1.33,0.33,90.53569098876852
68,1,0,70,4,3,9.0,10.0,14.903222704862504,6,80.0,100,2,1.0,1.25,21.734103706183653
69,1,0,50,4,0,165.0,10.0,15.658144740084378,1,54.0,25,3,1.3,0.33,28.27574151965398
70,6,1,90,1,3,243.0,10.0,20.328175151552227,13,79.0,100,1,0.5,1.5,39.99736518413485
71,3,0,50,1,5,195.0,9.0,0.9316267996528329,13,67.0,0,2,1.5,0.88,72.88733091675807
72,4,1,130,2,3,90.0,1.0,-0.8912449064223249,6,138.0,0,3,0.5,1.5,90.28838770900781
73,1,1,80,4,1,251.0,4.0,20.636161224477153,1,290.0,0,1,1.5,1.0,77.00727604912235
74,6,1,80,6,5,184.0,5.0,5.013163394592942,0,280.0,25,2,1.3,1.25,34.857772017512964
75,6,0,110,2,2,113.0,3.0,0.5006696689378116,12,298.0,100,3,0.83,0.25,19.246065876064808
76,6,1,110,4,0,236.0,2.0,9.514822891931818,12,22.0,25,2,1.5,0.67,25.940009404279497
77,1,0,50,2,0,174.0,1.5,3.0639500388706793,2,31.0,25,1,1.33,0.33,75.98528109828007
78,0,0,50,1,3,15.0,6.0,5.930536070186255,13,297.0,25,2,0.83,0.67,26.639235425540637
79,0,1,160,1,3,13.0,10.0,16.55077098911771,10,290.0,100,3,1.25,0.33,87.48648247613231
80,1,1,120,6,3,94.0,0.0,17.467114278946212,11,138.0,0,1,1.33,0.75,88.83732219077109
81,4,0,110,5,1,111.0,9.0,13.256175954543489,15,74.0,100,3,1.0,0.8,26.05029338840112
82,3,0,130,5,1,281.0,2.0,20.646100687229833,3,77.0,100,1,1.0,0.25,45.9577671752403
83,4,0,80,1,2,118.0,2.7,18.75837558824941,6,138.0,100,2,0.83,1.13,43.61233684492427
84,5,1,120,3,0,107.0,2.7,15.595822807271379,2,63.0,25,1,0.5,1.0,75.960979736764
85,4,1,130,4,0,20.0,2.5,3.952176179567712,7,48.0,0,3,0.5,0.67,47.76280414725068
86,0,0,140,5,5,45.0,2.0,2.252585073813943,-1,197.0,100,1,1.0,0.88,28.877885401719105
87,4,1,90,2,1,30.0,1.5,18.59373901029234,2,66.0,0,3,0.5,0.33,26.3249049961712
88,1,0,100,5,5,126.0,4.0,14.629161534292335,4,46.0,25,3,0.5,1.0,62.11444212755495
89,3,1,80,2,1,153.0,1.0,3.168469917067173,4,262.0,25,1,1.3,1.33,84.77458120101389
90,0,1,50,1,1,47.0,10.0,21.2260312867344,0,1.0,100,1,1.5,0.75,86.78090735962493
91,6,0,100,3,2,249.0,1.5,1.4499035008086145,14,312.0,100,1,1.33,1.0,65.55021435623284
92,0,0,140,6,2,135.0,2.5,12.879103224262135,10,282.0,100,3,1.33,0.33,46.32246185107717
93,3,0,90,1,2,139.0,0.0,18.616920605549407,2,300.0,100,1,1.5,1.13,87.04944328576538
94,6,1,140,3,3,208.0,6.0,5.005391848707556,2,114.0,25,2,1.33,0.67,69.92053662656804
95,1,0,70,3,1,47.0,6.0,4.028928056811878,12,195.0,25,3,0.83,0.5,81.95981300124524
96,6,0,50,3,5,189.0,10.0,21.932972806734412,1,290.0,0,1,1.3,1.0,78.18088971233337
97,2,0,90,1,1,33.0,10.0,10.448746345678884,13,302.0,25,3,1.0,0.25,18.44298391754343
98,5,0,70,6,0,202.0,1.5,2.6517441956508057,1,152.0,100,3,0.83,1.25,72.43953056293378
99,6,1,130,2,0,280.0,1.5,1.313759084117695,12,188.0,25,1,1.0,0.25,41.079113337708826
100,3,0,110,4,1,106.0,14.0,4.814074366878047,5,32.0,100,3,1.33,1.0,84.11044095604741
101,2,1,130,3,2,126.0,6.0,6.134357172477746,3,241.0,25,3,1.25,0.67,35.68414368728638
102,3,0,50,6,0,180.0,0.0,5.3777612393437195,0,33.0,0,2,0.83,1.25,35.8494851136184
103,6,0,160,2,2,124.0,6.0,14.486320866274273,12,326.0,100,3,1.33,1.5,59.87528963689859
104,0,1,70,4,0,34.0,2.5,22.98117490702404,0,232.0,0,3,0.5,0.67,75.21704774341177
105,4,0,80,1,3,52.0,10.0,16.717677721103176,1,264.0,100,1,1.5,1.0,31.783699826933724
106,2,1,50,3,1,237.0,1.0,16.1300991362907,1,285.0,100,1,1.33,1.0,43.90010076556769
107,4,0,120,3,1,181.0,14.0,5.805067164976584,10,293.0,0,3,1.33,1.0,43.03975221058662
108,6,1,150,3,5,253.0,5.0,5.714795784480776,13,62.0,0,3,0.5,0.5,37.31364694056523
109,3,1,90,1,1,2.0,2.7,17.48504396259733,15,289.0,0,3,1.33,1.5,29.70176213631688
110,4,1,90,6,3,50.0,14.0,20.96731742481731,11,147.0,0,2,1.33,0.8,58.070391866335875
111,5,0,100,6,5,267.0,0.0,7.471817828681276,12,51.0,0,1,1.5,1.33,83.17617550813145
112,5,0,160,6,3,273.0,3.0,12.35045896970775,3,203.0,0,2,1.3,1.13,66.2684547654428
113,6,0,120,1,3,217.0,6.0,5.160747387206143,7,276.0,25,2,0.5,0.67,26.752046607517226
114,1,1,110,5,5,223.0,2.0,17.57707143758517,12,269.0,0,1,1.33,1.25,77.91400930736287
115,5,0,100,2,0,281.0,3.0,16.570272061672274,2,134.0,100,2,1.3,0.75,66.85282265563704
116,4,0,100,4,1,171.0,4.0,3.5168821429333765,10,42.0,25,3,0.5,1.33,88.1477673372147
117,0,1,50,4,1,160.0,4.0,3.856056511966666,4,281.0,25,3,1.5,1.0,81.23075380376943
118,3,0,80,3,0,106.0,14.0,17.9885118471349,4,237.0,0,2,1.33,1.33,92.81235085255287
119,2,1,90,1,5,218.0,2.7,20.65216546794915,1,185.0,100,2,1.25,1.13,58.24464327055938
120,1,1,70,1,5,57.0,9.0,4.465936196069615,3,286.0,0,3,0.83,1.13,69.6700848004817
121,6,1,120,4,5,262.0,2.0,2.2929774197696124,3,40.0,0,1,1.0,0.88,27.136226645241276
122,5,0,90,2,3,182.0,3.0,-0.24253435384692645,13,289.0,100,1,1.33,1.5,74.38389481726249
123,5,0,50,6,3,32.0,10.0,4.939614410819603,4,232.0,25,1,1.0,1.0,18.713225612719132
124,1,1,80,2,1,289.0,9.0,21.013638023735403,2,70.0,0,1,1.0,0.8,22.438218486453227
125,5,1,150,1,0,96.0,2.7,16.50306002628505,1,5.0,100,1,1.0,1.0,43.48189466308947
126,5,0,150,4,1,111.0,4.0,1.4993588752811795,0,254.0,25,1,0.83,0.25,49.10750537701297
127,1,1,100,4,2,275.0,1.0,17.671755905518758,3,156.0,25,2,1.33,0.67,57.841553261772695
128,2,0,140,4,3,98.0,0.0,9.575958561291547,4,188.0,25,2,1.33,1.0,66.85041778787362
129,5,1,80,3,0,51.0,3.0,11.241925416590577,2,50.0,25,2,1.5,0.67,49.66044309627702
130,2,1,50,5,0,61.0,1.0,16.113157400440617,1,135.0,100,3,0.5,1.0,73.78919071908399
131,5,1,90,4,5,207.0,2.0,17.84048676826363,14,43.0,0,1,1.25,0.8,47.81234227481252
132,1,1,130,3,1,64.0,14.0,10.104658360323276,5,79.0,25,1,1.33,0.33,43.23322315406497
133,3,1,100,1,5,103.0,6.0,11.311094568825686,2,322.0,25,2,1.25,0.67,48.65116245897387
134,2,0,80,4,2,98.0,2.0,21.722618345527163,-1,150.0,0,1,0.5,1.0,46.47798323505345
135,6,0,110,3,1,52.0,14.0,4.998251637011737,10,17.0,0,2,0.5,1.0,70.2384845717288
136,6,0,100,4,2,244.0,2.5,20.786238116830635,1,151.0,0,2,0.5,1.0,52.08233795399368
137,0,1,140,5,2,106.0,2.0,7.280194864709601,5,88.0,100,1,0.83,1.0,76.52455357400576
138,1,1,140,1,0,214.0,10.0,5.6632717831684865,15,141.0,100,1,0.5,1.0,29.60500344003167
139,2,0,70,4,3,307.0,3.0,13.446321370892619,0,43.0,0,2,0.5,0.8,42.06231065415041
140,4,1,50,6,0,184.0,14.0,17.702603258284622,6,157.0,100,3,0.5,1.33,72.89594798238137
141,5,0,120,6,2,225.0,0.0,21.369859580804906,9,207.0,0,3,0.5,0.75,63.17301052596228
142,4,0,70,1,0,242.0,10.0,3.840554838442531,9,237.0,25,1,1.0,0.8,67.46977476162463
143,0,1,150,5,2,112.0,1.0,3.5092303065903203,2,93.0,100,3,1.0,1.33,66.90468890097502
144,1,1,130,2,3,99.0,1.0,22.781360169769023,2,110.0,25,2,1.3,1.25,42.40593869900562
145,5,1,100,3,1,198.0,6.0,19.485971890624345,4,254.0,25,1,1.25,1.13,90.29834914208776
146,6,1,150,5,0,284.0,1.0,5.778079928079414,10,95.0,100,2,1.0,0.33,85.19904646126511
147,3,0,100,1,1,13.0,14.0,10.34785697708332,8,94.0,0,2,1.3,1.33,90.3798650608828
148,2,0,150,4,1,31.0,2.5,2.886465544810305,2,80.0,0,2,1.25,1.13,75.29625743223228
149,3,0,90,1,3,291.0,10.0,17.550404457946982,15,73.0,100,1,1.33,1.5,49.203755043768105
150,3,0,80,1,0,139.0,0.0,15.991267651702739,-1,137.0,100,3,1.3,0.5,84.42586866603128
151,5,0,110,3,1,191.0,2.0,6.600399088078755,11,45.0,100,2,1.0,1.33,92.4198614210449
152,3,0,80,1,5,129.0,4.0,22.586248759641137,3,115.0,100,1,0.83,0.5,55.345646305434826
153,1,0,160,6,1,283.0,14.0,21.171782667382246,14,72.0,0,3,1.33,1.0,88.36974179178364
154,4,0,50,6,0,254.0,10.0,16.46710411361305,10,181.0,0,3,1.0,0.33,88.55039416159856
155,2,0,100,1,0,197.0,14.0,17.652131352565437,4,303.0,0,2,1.33,1.33,91.74221477649893
156,3,0,110,6,3,180.0,1.5,3.5847130881339666,4,24.0,100,3,0.83,1.25,31.29999626125001
157,6,0,100,4,2,298.0,2.0,22.212059357784337,4,102.0,25,2,1.25,1.0,50.815743324811514
158,3,0,70,5,2,71.0,2.0,11.975554508938178,3,282.0,100,3,1.25,0.75,75.81062628266125
159,5,0,100,5,1,147.0,4.0,21.89598450455649,-1,249.0,25,1,0.83,0.25,26.72882492284897
160,6,1,70,6,5,232.0,10.0,4.313279655047126,13,304.0,0,3,0.5,1.13,69.57998372041548
161,3,1,120,5,3,135.0,1.0,12.622784139844246,10,75.0,100,1,1.3,0.8,54.4428845093416
162,5,0,50,6,2,153.0,0.0,17.5418967664463,9,207.0,0,1,0.5,1.13,48.98937542470844
163,4,0,130,1,1,200.0,4.0,1.2002117846435199,13,74.0,100,3,1.33,1.33,71.74668575494239
164,4,1,70,4,2,245.0,14.0,20.01487928058554,13,17.0,100,2,0.5,1.5,27.683838938413565
165,0,1,100,3,0,6.0,2.7,10.984695975553803,13,182.0,25,3,1.25,1.33,21.19509126691561
166,3,1,130,6,0,173.0,2.5,14.433752864330128,14,5.0,100,3,1.0,0.25,19.22235707812117
167,5,1,160,1,3,180.0,6.0,-0.8573839056243735,2,147.0,0,3,1.25,0.75,18.701091663597737
168,6,1,120,4,3,233.0,3.0,2.980269842674001,0,267.0,0,1,1.5,1.13,40.925127643626716
169,3,0,80,3,5,144.0,5.0,5.027270601832264,7,37.0,0,1,1.3,0.5,27.614726864783886
170,0,1,130,4,5,124.0,2.0,1.0805041056135287,8,40.0,0,3,1.0,0.88,31.391359029833534
171,3,1,110,6,2,85.0,10.0,0.2230409652402053,0,14.0,0,1,1.5,0.25,88.45647684711628
172,3,1,80,1,0,1.0,2.7,16.863126217789752,12,15.0,100,1,1.33,0.5,31.459875313820902
173,5,0,100,3,2,52.0,14.0,4.032011437810715,0,148.0,25,3,0.5,0.25,84.84849175400021
174,5,1,70,5,5,228.0,2.0,15.096603548336562,12,126.0,100,3,1.5,1.25,89.43050293088642
175,4,1,150,1,1,159.0,10.0,2.6744471672073775,13,36.0,100,1,1.25,0.5,53.29191138438751
176,2,0,120,1,1,310.0,1.5,-0.6264941352894925,10,26.0,0,2,1.33,0.75,28.620565981635682
177,1,1,110,4,2,85.0,1.0,21.067417987391398,9,11.0,25,2,1.33,1.33,64.2978651258601
178,6,1,130,3,1,198.0,6.0,15.862677168254097,2,47.0,25,2,1.33,1.13,60.90870355781793
179,1,0,120,5,2,15.0,9.0,9.521060783813436,10,209.0,0,1,1.0,0.25,35.045567462658326
180,4,1,100,4,0,58.0,10.0,11.853619663430703,5,195.0,25,3,0.5,0.5,57.83970849302438
181,3,1,110,2,0,10.0,6.0,4.229460348949428,0,95.0,100,3,1.5,1.0,85.14633590087698
182,3,1,70,3,1,187.0,9.0,15.602231063784886,11,283.0,0,3,0.83,1.0,82.45416083483249
183,6,0,130,3,3,246.0,6.0,11.092906162812348,3,182.0,25,3,0.5,0.67,77.58289233130222
184,1,0,130,1,1,7.0,4.0,0.26480768120920656,13,11.0,100,3,0.5,1.33,40.00803480108357
185,1,1,110,4,5,170.0,4.0,4.225976353324727,4,322.0,25,2,1.25,1.0,18.048141207118583
186,1,0,70,6,5,176.0,14.0,3.682209598602074,11,330.0,100,1,1.0,0.88,61.783055957213904
187,0,1,150,4,5,115.0,4.0,15.507761242292776,4,167.0,25,2,1.25,1.0,25.679903903885183
188,6,0,50,4,2,117.0,14.0,10.606781214264716,4,303.0,100,1,1.33,1.13,45.04784644627771
189,1,1,160,3,5,228.0,2.7,6.875282882294881,7,318.0,25,3,1.33,0.75,59.169680753259364
190,1,1,160,5,0,170.0,3.0,16.764518646481378,12,96.0,100,2,1.25,0.75,29.600085750715106
191,5,0,100,5,1,54.0,10.0,15.094672031825777,-1,106.0,25,1,1.3,0.5,74.4390821101035
192,5,0,150,4,5,190.0,2.5,2.6368262957369897,1,80.0,0,1,1.25,0.5,73.53147884408057
193,3,0,50,3,5,153.0,2.0,4.76288514373436,-1,93.0,100,1,1.3,1.5,24.7235307978399
194,1,0,140,3,0,279.0,14.0,4.028592121147678,5,198.0,25,1,0.5,1.25,84.91005245885307
195,2,1,100,2,5,230.0,5.0,10.265190619803304,11,125.0,100,2,0.83,0.88,92.79084302879754
196,1,1,150,3,3,315.0,5.0,5.429131216671811,13,15.0,0,2,1.33,0.5,69.99228259646101
197,0,0,70,6,0,151.0,1.5,21.948038751121043,8,234.0,0,2,1.33,0.67,55.47612423313235
198,1,1,70,4,2,315.0,2.0,0.620941242766414,0,205.0,0,3,1.5,0.25,53.45211022748883
199,5,1,120,5,1,49.0,3.0,17.2125042534211,4,9.0,100,1,1.5,0.8,72.4545170638937
200,1,0,80,6,1,87.0,10.0,17.739216596101866,2,81.0,0,1,1.33,0.75,88.59555190920557
201,5,0,150,3,2,148.0,3.0,18.984121229323737,6,240.0,25,1,1.33,1.13,42.747135136652346
202,3,1,80,3,0,35.0,14.0,17.01637586345795,12,245.0,0,3,1.25,0.75,77.35631778638253
203,2,0,160,1,0,40.0,0.0,18.747771022833188,12,142.0,100,2,1.3,0.5,61.0497690391985
204,3,1,130,1,3,72.0,2.7,8.06486318778406,10,140.0,0,3,1.3,0.25,61.241064629782
205,3,1,120,4,0,41.0,2.5,9.64599559332294,9,171.0,0,3,1.3,0.25,83.83909669964397
206,6,1,100,6,5,76.0,10.0,16.395237572281353,1,38.0,25,1,1.5,1.0,40.89141191142294
207,1,1,120,5,3,126.0,1.0,7.496540524285823,7,136.0,0,2,0.5,0.8,43.52903168305701
208,3,0,130,6,2,280.0,2.5,18.262068654915215,12,251.0,100,3,1.0,0.88,31.544603635535605
209,0,1,130,3,0,149.0,2.7,2.434530899541972,11,15.0,25,2,1.0,1.33,63.00861808250515
210,2,0,110,3,3,23.0,10.0,20.348875291201892,2,107.0,100,2,1.0,1.5,58.665459299394115
211,4,1,100,4,1,157.0,9.0,3.6301375173819332,13,80.0,0,1,0.5,0.5,53.660403543388725
212,1,0,80,3,2,62.0,2.0,16.114691201100914,1,262.0,100,3,1.0,1.0,73.93988543012765
213,3,0,150,4,1,141.0,2.0,9.377596832953676,14,213.0,100,2,1.3,0.67,25.8489449735541
214,2,0,90,1,5,291.0,14.0,1.5148616567546116,12,53.0,0,1,1.33,0.25,92.32833932109642
215,4,1,130,4,5,256.0,2.0,17.991887734056345,3,71.0,0,2,1.0,1.25,25.348746479905106
216,3,0,120,1,2,106.0,4.0,0.6003355237115886,2,208.0,0,1,1.33,0.75,70.59624968062887
217,4,1,110,6,0,49.0,9.0,0.14617668478327306,1,302.0,0,3,1.3,0.75,41.93847415537929
218,6,0,50,3,0,252.0,10.0,6.765659078670856,6,134.0,100,3,1.3,1.0,41.80288817907218
219,1,0,110,3,0,128.0,1.5,2.6396812363350852,8,161.0,100,1,0.83,1.25,91.03728762643526
220,3,0,50,5,2,38.0,2.0,7.290867053120707,8,289.0,100,3,1.3,1.0,85.70989488765501
221,5,0,50,3,0,235.0,14.0,10.550638578576532,1,190.0,25,1,1.3,1.33,45.81934292359805
222,2,1,130,3,0,149.0,3.0,17.34449754321424,13,242.0,25,2,1.0,0.67,27.172800621099704
223,6,1,110,3,5,115.0,2.7,13.44416467250043,-1,233.0,25,2,1.3,1.25,38.205623922856276
224,5,1,140,4,2,171.0,2.0,0.6520236760767494,1,180.0,25,3,1.5,0.5,79.57966023943096
225,5,1,80,5,5,208.0,2.0,17.18823267171753,0,90.0,100,3,0.83,1.5,21.33452347230942
226,6,0,90,2,2,45.0,6.0,20.057936373615057,7,159.0,100,3,0.83,1.13,38.636803640741384
227,3,1,160,3,2,24.0,2.7,9.97626041019462,5,323.0,25,1,0.5,0.5,65.46107759472396
228,3,1,100,4,3,162.0,3.0,4.009537134581734,14,208.0,0,3,1.25,1.5,42.2597719215169
229,2,1,90,2,3,18.0,3.0,19.305043382873908,2,93.0,100,3,1.25,1.13,38.226994254134446
230,6,1,130,3,1,186.0,2.7,11.768144041417571,10,232.0,25,1,1.3,0.67,23.352784985468894
231,4,1,80,1,5,318.0,5.0,5.291097694127145,13,255.0,0,2,1.33,0.5,40.34381144544289
232,1,1,70,1,3,180.0,2.7,3.6546755367589636,4,284.0,100,1,1.0,0.88,38.01883691456289
233,5,1,130,5,0,272.0,9.0,14.14965899582151,14,88.0,100,2,1.3,0.25,32.02795520695281
234,1,1,50,1,3,162.0,0.0,16.934719208096098,12,107.0,100,1,1.0,0.5,30.20195763084434
235,3,1,100,5,1,110.0,9.0,0.7795001532904491,1,154.0,100,2,1.33,0.8,55.530421867601895
236,3,0,80,6,1,166.0,10.0,18.065481000773648,5,287.0,0,3,1.33,0.75,76.55582496324962
237,1,1,90,6,1,289.0,9.0,21.414132568819262,2,28.0,0,3,0.5,0.8,79.70280170489772
238,0,1,110,3,5,100.0,2.7,8.653002267120113,12,16.0,25,2,1.25,0.67,83.97692938315934
239,1,1,80,3,5,279.0,10.0,6.488348588070319,15,131.0,100,2,0.5,1.0,81.37107772172752
240,5,1,140,3,3,317.0,6.0,12.53789168592008,10,75.0,0,3,1.5,1.33,21.28273285696138
241,1,0,80,4,2,174.0,2.5,18.40402002006374,5,300.0,0,2,1.33,0.33,58.94801426502599
242,5,0,80,2,2,146.0,6.0,10.085824340749522,3,141.0,100,3,1.33,0.88,86.62978996145102
243,3,1,160,6,2,88.0,3.0,5.271248178156805,-1,166.0,0,2,1.5,0.33,44.40088790522786
244,1,1,160,1,2,106.0,2.7,19.25401249904109,6,140.0,100,2,1.3,1.13,42.547232259867975
245,6,1,160,6,1,54.0,1.5,5.555478552251635,13,325.0,100,3,0.5,0.75,40.55649269509394
246,4,0,70,1,0,206.0,6.0,15.651814197588392,6,205.0,0,3,1.33,1.0,86.784907216802
247,3,1,50,6,2,68.0,3.0,20.765597460149316,7,120.0,0,1,1.0,0.5,55.650352272748265
248,0,1,150,3,5,144.0,9.0,5.67790218386733,1,76.0,0,2,1.0,0.5,71.73629452007378
249,2,1,120,1,3,305.0,6.0,19.416161213774746,8,312.0,25,3,1.0,0.88,47.813567196518726
250,0,0,70,4,2,139.0,2.0,9.716361691805584,0,96.0,25,1,1.3,0.75,34.19927691276268
251,3,0,160,6,5,89.0,3.0,-0.993235462722718,6,320.0,0,3,0.83,1.5,93.10321185981117
252,0,0,70,6,0,47.0,14.0,1.8678891782623566,-1,311.0,100,3,1.33,1.25,67.84292109883802
253,4,1,140,4,0,159.0,1.0,22.761903150427003,8,1.0,25,3,0.5,1.25,81.80613752182195
254,6,0,110,4,0,127.0,2.5,8.59985787107538,11,165.0,0,1,1.3,1.33,65.94209804932711
255,4,0,140,6,3,1.0,10.0,15.823411688433582,10,280.0,25,3,1.33,0.33,60.11624889990532
256,3,0,100,6,2,316.0,1.5,17.98890258064857,14,310.0,100,2,1.3,0.88,82.11674227816327
257,4,0,90,6,1,43.0,1.5,20.012105551395088,4,59.0,100,3,1.25,1.0,61.29893791889791
258,4,1,130,5,3,138.0,1.0,-0.9541815753530983,3,74.0,100,3,0.83,1.5,18.737778265661724
259,1,0,140,4,0,75.0,2.5,22.732543125083065,2,252.0,0,2,1.33,0.67,21.234538826186572
260,5,1,80,2,0,174.0,3.0,11.134282895085226,0,14.0,100,1,1.5,0.67,29.597955321833286
261,4,0,150,1,1,90.0,1.5,-0.2662309752610801,12,46.0,0,3,1.5,0.33,86.28334652780067
262,4,1,140,1,5,262.0,2.7,21.533990259347725,3,73.0,100,3,1.5,0.25,58.66294705275549
263,1,1,50,3,0,9.0,14.0,10.608309112073622,8,185.0,25,2,0.5,1.33,44.86456420616582
264,3,1,160,6,1,259.0,14.0,21.055849189648356,13,109.0,0,1,1.33,1.0,77.61314817601748
265,5,0,70,2,2,137.0,3.0,14.631729964185391,12,309.0,100,1,0.83,1.25,48.665055001411616
266,0,0,110,3,3,112.0,6.0,5.523516761374865,3,198.0,25,1,0.83,0.67,36.730117496888994
267,4,1,130,4,2,66.0,5.0,2.49643338042287,2,293.0,25,1,1.33,1.0,18.562429937632135
268,5,1,150,3,1,245.0,4.0,1.7995080385613909,14,67.0,0,1,1.5,0.25,31.521834736648625
269,5,1,90,6,2,285.0,2.5,17.297550462983878,1,297.0,100,2,1.3,0.88,24.270173785766005
270,1,1,90,4,5,171.0,2.0,17.165397000587227,0,63.0,25,3,1.25,1.5,64.82548691420804
271,1,0,140,2,5,85.0,1.5,2.012302946001257,1,240.0,25,2,1.33,1.33,41.10389900086379
272,0,0,120,5,0,106.0,3.0,21.240017927292474,4,4.0,100,3,1.0,0.75,50.15493334781745
273,3,1,100,4,3,145.0,10.0,19.487657890884257,0,292.0,100,3,1.3,1.5,60.92679563644133
274,3,0,80,5,1,3.0,9.0,5.489310183222075,13,42.0,0,2,1.5,0.5,70.59369421734311
275,3,1,90,1,5,16.0,2.7,17.79041774586373,15,315.0,100,2,1.33,1.5,56.642476840292964
276,2,1,100,4,3,21.0,4.0,19.35926082220575,2,306.0,25,2,1.25,1.5,26.455635858376194
277,6,1,130,5,5,6.0,2.0,17.517849346062878,15,49.0,0,1,0.83,1.25,54.3500193884734
278,1,0,50,1,0,217.0,2.7,4.323242404272962,4,144.0,100,3,1.25,1.0,61.336644432252186
279,0,1,110,5,2,133.0,1.0,7.965360767082208,6,162.0,0,3,1.33,1.33,64.52576111846129
280,1,0,70,6,0,248.0,3.0,10.070040189471875,8,11.0,0,3,1.5,0.67,45.05549910536604
281,1,0,130,4,0,244.0,14.0,0.6738051704173211,12,34.0,100,1,1.33,1.33,47.70166989857461
282,2,0,110,1,1,289.0,14.0,4.574317671190348,5,42.0,0,3,1.33,1.0,82.71707231000873
283,4,0,90,6,0,163.0,2.5,13.876471050862234,10,5.0,100,2,0.5,0.25,36.595057405740235
284,2,1,120,4,0,312.0,1.5,8.097650898119966,9,200.0,0,3,1.3,0.75,82.13029187540836
285,6,0,140,4,1,241.0,2.5,8.402698745599706,15,80.0,0,1,1.25,0.5,63.93284528751522
286,2,1,160,4,5,166.0,5.0,14.597561087690668,1,197.0,100,3,1.0,1.5,36.67326009483232
287,5,0,100,6,3,197.0,6.0,10.86204762035536,1,31.0,100,1,0.83,0.88,53.09598768504565
288,1,1,140,2,0,295.0,1.0,22.246155952295723,9,206.0,0,2,0.5,0.88,24.82394873097934
289,5,1,50,5,2,210.0,5.0,3.826072561180889,5,179.0,25,2,1.33,1.0,49.53590410769671
290,0,1,50,6,3,31.0,14.0,11.733925519403172,14,68.0,100,2,0.5,0.75,61.342713802109
291,2,0,100,2,2,200.0,3.0,19.969460849852126,1,169.0,0,3,1.0,0.33,85.04347004568325
292,2,1,80,2,5,253.0,9.0,10.084420534458296,6,295.0,0,2,0.83,1.25,65.50656739608053
293,3,0,100,1,3,96.0,0.0,9.848364918926059,2,290.0,100,3,0.83,0.5,58.728561750744284
294,1,1,50,4,0,117.0,3.0,11.385884286767242,9,36.0,0,3,1.5,0.88,53.590053571501464
295,2,0,80,6,1,56.0,1.5,22.757685575402757,3,150.0,100,3,0.83,0.5,37.19407673167365
296,0,0,140,4,0,315.0,1.0,15.756942808265409,1,185.0,25,3,0.83,0.33,87.4380536748509
297,5,0,80,1,3,215.0,4.0,2.727992166886973,7,206.0,0,2,1.33,1.33,70.56985608538172
298,3,1,90,5,5,21.0,6.0,18.05316729413774,0,37.0,25,3,1.25,1.5,24.86124626148088
299,2,1,120,5,3,108.0,4.0,2.6584612054604935,2,11.0,0,1,1.5,1.5,74.51013651361372
300,4,1,100,4,3,30.0,4.0,3.456170982650781,2,285.0,25,2,1.5,1.33,69.45216229309864
301,5,0,70,4,0,159.0,14.0,6.232154856035806,8,298.0,100,3,0.83,1.25,41.98312376631878
302,3,1,130,1,5,26.0,2.7,7.905259618738316,2,295.0,0,1,1.33,0.75,53.913153533256306
303,3,0,130,2,0,166.0,1.0,14.444277006177515,2,60.0,25,2,1.25,0.33,80.43828985961173
304,6,0,50,3,3,208.0,6.0,16.27172977715394,2,81.0,25,1,0.5,0.75,22.752857958516305
305,5,0,120,2,1,154.0,1.5,12.10947718117969,5,151.0,25,1,0.83,0.5,93.21790316190811
306,6,1,100,6,1,257.0,1.5,10.65583416933435,15,63.0,100,2,1.0,0.33,82.57907340095879
307,5,0,130,6,0,129.0,2.5,14.125021136957296,10,-1.0,100,3,0.5,0.25,60.911344705010976
308,4,0,100,6,0,316.0,2.5,2.793654857602198,2,306.0,100,3,1.25,1.13,40.65878328419411
309,0,0,140,5,0,97.0,9.0,22.208594940373533,3,189.0,25,2,1.0,0.25,31.511998842318697
310,0,0,70,6,0,256.0,1.5,12.693315397134505,9,150.0,100,3,0.5,1.25,25.396547327299505
311,6,0,150,4,5,86.0,2.5,5.708245836958994,-1,79.0,0,2,1.25,0.5,40.764984656886405
312,2,0,130,5,5,200.0,2.0,21.79524579225115,3,318.0,0,1,1.0,0.25,58.944422650378336
313,6,0,90,4,1,7.0,2.0,18.540451697365917,5,295.0,0,2,1.3,0.33,80.93892104687382
314,3,1,140,1,0,280.0,2.7,5.6042754689977965,6,242.0,0,2,1.0,1.0,66.6799583293623
315,5,1,50,3,0,217.0,3.0,18.12013748915448,11,195.0,25,1,1.5,0.67,24.605069145066594
316,6,0,120,6,5,27.0,3.0,17.41450495251441,13,80.0,0,2,0.83,0.8,78.57198175153712
317,2,1,130,2,3,231.0,9.0,0.9543257447268481,8,145.0,0,1,0.83,0.88,57.15160916676623
318,5,1,100,6,5,262.0,0.0,8.319357846433029,12,44.0,0,3,1.5,1.33,20.85746001832667
319,2,1,120,1,2,32.0,0.0,9.35632367001817,10,98.0,25,3,1.0,1.13,21.23813181827186
320,5,1,80,5,3,260.0,6.0,13.104116815810547,9,266.0,25,2,1.25,0.67,77.41216003521265
321,6,1,150,6,3,300.0,10.0,8.834831600282836,14,118.0,0,2,0.5,0.33,28.60250210717799
322,5,1,110,1,3,103.0,2.7,21.748805224218657,7,273.0,100,2,0.5,0.25,40.057343032512605
323,0,0,100,2,0,38.0,3.0,22.012277368218808,0,148.0,100,3,0.5,0.67,64.46827767796545
324,1,1,110,2,5,33.0,1.0,5.700417411249916,7,316.0,25,2,1.25,0.67,26.68055645203515
325,0,1,90,5,3,254.0,3.0,17.35525113087994,3,206.0,0,1,1.25,0.8,19.57302809818588
326,5,0,150,5,0,59.0,2.0,12.961307630313597,6,99.0,0,3,1.25,1.13,67.31313179203715
327,6,1,120,1,2,190.0,2.7,10.149332498473838,4,137.0,100,2,1.3,1.13,47.948469983261035
328,3,1,130,3,0,279.0,3.0,17.51745602817745,3,52.0,25,3,1.5,0.67,24.89431438271502
329,6,0,70,6,2,75.0,0.0,9.418667057846905,8,250.0,0,3,1.5,0.75,75.28810469890966
330,6,1,150,5,1,242.0,9.0,5.322882500664852,-1,54.0,100,2,1.3,0.5,32.4890488149671
331,3,0,100,4,5,166.0,2.0,9.47345105893768,11,47.0,25,3,1.25,1.25,30.638916373919834
332,6,0,120,4,0,115.0,2.5,9.01625320733335,9,168.0,0,1,1.3,0.25,80.868135092963
333,3,0,160,3,1,209.0,6.0,6.358587316664745,7,291.0,0,1,0.83,1.13,23.676639585390113
334,5,1,70,5,2,207.0,9.0,6.935754460307631,8,292.0,100,3,0.83,1.25,80.25479161890873
335,1,1,90,1,3,307.0,10.0,14.798909634630911,-1,93.0,100,3,0.5,1.25,58.17783474816165
336,1,0,70,3,1,98.0,14.0,10.316692935616041,1,283.0,0,2,1.3,0.67,36.60794241190814
337,3,1,70,3,3,227.0,6.0,5.478076894255155,15,270.0,25,2,1.25,0.75,38.524964940897426
338,4,0,80,3,0,246.0,3.0,12.291402616875422,3,235.0,25,3,1.0,1.0,52.19163985772942
339,2,1,130,1,0,201.0,2.7,11.852923804882487,10,140.0,100,2,1.33,0.67,25.04681497179179
340,2,0,70,6,1,98.0,1.5,5.816988278131112,2,329.0,100,1,0.5,0.75,48.125710744734576
341,1,1,150,1,1,96.0,10.0,22.73335400604094,4,52.0,100,1,1.25,0.5,66.49372065966844
342,2,0,150,1,2,240.0,4.0,18.853895769055573,9,91.0,100,1,1.0,0.8,64.03279623788119
343,3,1,150,6,0,66.0,0.0,2.0647001308646864,12,199.0,0,3,1.0,0.25,61.25034792355913
344,3,0,110,2,5,230.0,1.5,2.8030796034899486,8,220.0,0,1,1.5,1.25,58.73724557141777
345,5,1,100,6,2,251.0,9.0,22.04895667878811,13,296.0,25,3,0.83,0.25,21.309980581657072
346,4,1,120,1,0,46.0,2.7,1.6738993885790332,13,31.0,100,3,1.33,0.88,32.68294037074147
347,5,0,70,2,0,232.0,1.5,5.630364234467352,2,50.0,25,1,1.5,0.75,70.71740316140071
348,4,0,150,2,5,95.0,1.5,15.582779098984975,4,46.0,25,2,1.5,1.0,69.65048164092163
349,6,1,70,6,1,245.0,10.0,19.8283689400541,1,292.0,0,2,0.5,1.5,60.18156542418728
350,1,1,50,1,0,56.0,2.7,16.858246385663904,1,163.0,100,3,1.0,1.0,42.33096973798275
351,3,0,110,3,2,88.0,14.0,2.2830539222482393,14,205.0,0,1,1.5,0.25,67.06995875027857
352,1,0,120,3,3,107.0,14.0,21.459736571847426,-1,138.0,0,1,1.3,0.8,71.50651744927418
353,0,1,100,5,3,35.0,1.0,7.802206555165583,0,47.0,0,3,0.5,0.88,48.05401499264005
354,6,0,70,1,2,186.0,1.5,11.142172990464227,10,306.0,0,1,1.33,0.88,23.186275179783678
355,3,0,120,4,3,308.0,0.0,9.755348577327684,1,78.0,25,3,0.5,1.13,77.02475360922536
356,2,0,150,1,0,101.0,1.5,22.82553276274882,0,234.0,0,3,1.33,0.67,40.035741157089035
357,5,1,50,4,3,95.0,10.0,17.490641588927094,0,298.0,25,1,0.5,0.33,56.225404108196024
358,2,1,90,5,3,14.0,9.0,9.635861828283385,10,188.0,25,3,1.0,0.75,75.21446545567647
359,0,1,140,1,3,29.0,10.0,20.47906053803849,0,236.0,100,1,0.5,1.5,23.635668556344697
360,6,0,150,4,1,145.0,2.5,3.010968348037984,13,289.0,25,3,1.33,0.5,47.94572323432831
361,4,0,50,6,0,290.0,14.0,17.60187379093646,10,5.0,100,1,0.5,1.33,29.279710309676275
362,1,1,90,2,3,292.0,1.5,17.398147808311563,15,129.0,25,1,1.0,0.88,54.566073839088936
363,5,0,110,5,1,317.0,9.0,13.034189016919557,10,326.0,100,1,1.5,0.8,45.24896868650554
364,1,0,120,2,3,285.0,6.0,1.2946007762206102,13,72.0,100,3,1.5,1.33,89.140301472268
365,2,1,120,6,1,233.0,9.0,21.781452924666993,-1,18.0,0,2,1.0,0.8,34.59854239017953
366,4,1,100,6,2,59.0,6.0,20.292534889776814,4,325.0,100,3,1.33,1.13,90.92172279625281
367,0,1,150,1,0,45.0,10.0,13.766290824722079,11,140.0,100,2,0.5,0.75,65.67178286208119
368,1,1,150,5,2,161.0,1.0,4.856591948105311,0,167.0,0,1,1.3,1.33,80.24813192294083
369,5,0,110,5,0,257.0,2.0,8.591143554853497,12,198.0,0,3,1.3,1.13,80.53665340051596
370,2,0,150,1,3,302.0,0.0,9.015831396492704,1,191.0,25,3,1.33,1.13,48.19586756227646
371,0,0,140,1,1,305.0,0.0,18.138454822939096,11,190.0,25,1,1.33,0.75,21.97113908542477
372,2,1,80,5,0,148.0,1.5,3.2138556865408283,13,207.0,0,3,0.5,1.25,47.82930546232451
373,1,0,160,1,1,193.0,4.0,20.557562530727097,4,155.0,100,2,0.5,1.0,57.51381974314317
374,0,1,70,6,0,256.0,2.5,22.995027188118982,13,90.0,100,2,0.5,0.67,70.4226933652875
375,1,0,140,2,1,302.0,2.5,13.175530514994675,12,303.0,25,3,1.25,0.5,59.18816465169361
376,6,1,80,5,2,293.0,9.0,7.020124459027222,8,265.0,100,2,0.83,1.25,20.830448151495677
377,4,0,110,2,5,275.0,2.7,20.784817363151724,1,41.0,0,3,0.83,1.5,76.58166855112897
378,3,1,90,4,1,146.0,9.0,20.605900739879832,2,315.0,0,2,1.3,0.8,91.89559801581238
379,2,0,50,4,2,218.0,2.0,22.514565020508034,1,109.0,25,3,1.25,1.0,24.080980688021427
380,3,0,150,2,0,15.0,2.7,10.645351886579665,13,177.0,0,3,0.83,1.33,19.539124363018793
381,1,1,50,6,1,216.0,0.0,8.522645654214813,7,68.0,0,2,1.5,0.8,81.27190059484782
382,4,1,130,6,3,318.0,5.0,5.620543880225544,15,300.0,25,2,1.33,1.5,28.842672205873498
383,4,0,130,5,1,168.0,9.0,15.436215923243305,-1,3.0,100,3,1.3,1.0,83.63030633761753
384,3,0,100,2,5,73.0,5.0,5.7768271657652015,9,59.0,25,2,1.0,1.25,40.56935568806491
385,3,0,50,1,0,91.0,14.0,17.245904149971476,10,105.0,0,1,1.33,1.33,27.73788756683019
386,4,0,50,3,2,301.0,3.0,2.173160111336096,7,278.0,100,1,1.5,1.25,56.98473350637837
387,6,0,50,4,5,156.0,2.5,21.778065453590024,6,74.0,0,2,1.25,0.5,30.007819215124496
388,2,1,50,5,3,80.0,1.0,15.933421947956198,1,74.0,100,3,1.33,1.0,43.48928485058566
389,0,0,70,1,1,252.0,0.0,13.026251891838784,6,3.0,100,1,1.3,0.75,68.28657367311544
390,0,1,120,4,0,206.0,2.5,9.337166140991187,-1,199.0,0,2,1.3,0.25,77.84949020190601
391,2,1,100,6,5,211.0,3.0,17.451025668549928,12,296.0,0,2,1.25,0.8,74.58870782873238
392,6,1,140,3,3,41.0,5.0,22.752017304623315,0,199.0,0,3,1.0,0.67,76.12293292581093
393,2,0,160,6,0,26.0,14.0,0.21258303030191503,12,134.0,100,1,1.5,1.33,45.95451872599014
394,0,1,50,5,2,173.0,2.0,1.2708939465478049,12,135.0,100,3,0.83,0.25,19.18459095088985
395,6,0,100,2,1,136.0,3.0,4.78083674361524,7,25.0,0,2,1.3,1.5,26.576269110007143
396,3,0,160,5,3,77.0,9.0,16.376845797762456,12,109.0,100,3,1.3,0.75,25.60399705406212
397,6,1,120,6,1,134.0,10.0,2.729766985857259,12,287.0,0,1,1.25,0.75,55.22209474913731
398,1,0,140,5,2,9.0,2.0,22.34315426679636,8,287.0,100,3,1.25,0.25,78.06209636880652
399,5,0,120,1,3,238.0,5.0,11.701103478938464,2,10.0,0,2,1.5,0.5,48.412440509880355
400,3,1,110,4,1,237.0,0.0,6.504660174249491,11,36.0,25,1,1.5,0.75,25.428949424752584
401,3,1,80,2,3,107.0,6.0,17.583837757814713,4,277.0,100,2,1.25,1.33,93.0385935386469
402,4,0,100,4,5,240.0,4.0,21.53087451662465,9,76.0,0,3,1.0,0.33,85.47011804879544
403,3,0,120,6,3,3.0,0.0,3.707278154722277,7,125.0,0,1,1.3,1.5,40.46384330506251
404,4,1,120,6,3,184.0,6.0,0.8739740331616778,9,281.0,100,2,1.5,1.33,57.4314480632696
405,1,0,90,5,2,180.0,2.0,15.5926901420475,11,319.0,100,1,1.0,0.8,44.8153863286206
406,5,0,130,5,2,177.0,2.0,7.493519855563521,9,293.0,100,3,1.25,0.75,80.72677438808843
407,3,0,150,6,3,174.0,0.0,6.027641655576158,13,135.0,0,3,1.3,0.5,38.984946175278054
408,3,1,100,5,2,111.0,2.0,16.904977478557306,1,291.0,100,2,1.25,1.0,22.64284333385957
409,1,0,140,5,5,165.0,9.0,22.001601651541424,14,330.0,25,2,1.3,0.25,81.38105298868354
410,2,0,110,3,5,119.0,14.0,20.392984834103686,8,139.0,25,3,1.33,0.25,21.769898279721655
411,3,0,100,5,2,205.0,2.0,18.019479404391184,14,123.0,0,3,1.33,0.8,81.28223014073183
412,2,0,80,1,1,33.0,10.0,4.854390641990916,0,251.0,25,1,1.0,0.25,66.44441079687218
413,1,1,130,3,0,202.0,1.0,9.22056742378087,14,-1.0,100,1,0.5,0.67,73.92963691358665
414,3,1,50,2,1,258.0,1.5,4.529905092662412,13,185.0,25,1,1.0,0.5,62.72321201825694
415,3,0,120,2,0,53.0,2.5,22.04969989453124,11,189.0,25,2,1.25,0.67,56.47765134072432
416,3,0,130,6,3,269.0,10.0,16.649757859262845,13,290.0,100,3,1.33,0.33,54.38180743495315
417,3,0,130,6,0,81.0,0.0,3.086020764089771,6,79.0,0,3,1.3,0.25,61.958312996238575
418,1,0,50,6,0,113.0,2.5,12.225402902848465,7,87.0,100,2,0.5,0.33,44.04802458744085
419,4,0,140,5,1,55.0,9.0,5.1611205362051065,10,319.0,100,1,1.5,1.0,76.44602151279909
420,6,1,100,1,3,232.0,10.0,19.865861637932074,2,127.0,25,3,0.5,1.5,41.72572265699517
421,5,1,100,1,1,14.0,10.0,20.462215767272973,13,60.0,100,3,0.83,1.5,80.60259495308102
422,2,0,70,2,1,123.0,5.0,11.677930751922602,8,160.0,100,2,1.25,0.75,31.25950157803975
423,3,1,150,3,5,203.0,5.0,6.0995084408674956,13,63.0,0,3,1.33,0.5,52.15443751254085
424,1,1,90,5,0,82.0,1.0,20.51538061322877,12,83.0,100,1,1.33,1.0,33.35978827670301
425,3,0,140,2,0,192.0,2.7,7.5041539905434,7,167.0,0,3,0.83,0.88,18.754476882629216
426,5,1,140,2,0,263.0,6.0,4.505858496473922,6,7.0,100,2,1.5,1.5,53.9542277618661
427,1,0,130,3,3,90.0,6.0,3.0014336457827286,6,208.0,0,3,1.33,0.25,62.14832210247884
428,6,0,130,4,5,54.0,2.5,17.608154146731643,6,59.0,0,3,0.5,1.25,72.97722685717964
429,1,0,70,1,2,161.0,0.0,12.74662976299917,-1,235.0,25,2,1.3,0.67,58.04872706592005
430,4,1,80,6,2,184.0,10.0,10.375931927144553,-1,167.0,0,1,0.5,0.67,25.578790595467602
431,1,0,130,3,1,66.0,14.0,1.52216696979426,3,196.0,25,2,1.33,1.0,37.289929872856
432,5,1,70,4,0,49.0,1.0,2.3997921005561964,8,86.0,25,1,1.0,0.67,91.33177663231449
433,2,0,90,3,1,314.0,14.0,-0.41166404589302374,6,281.0,0,1,1.3,1.0,91.98498848687218
434,3,1,90,6,2,314.0,2.5,17.773985067553138,14,136.0,100,3,0.5,0.88,47.51569335643034
435,1,0,90,5,3,290.0,3.0,21.16721450327611,2,289.0,100,3,1.33,0.8,81.91567945473619
436,6,1,100,4,3,313.0,1.0,17.217222051886655,14,307.0,25,2,1.33,0.88,39.30479773959521
437,2,0,130,1,2,294.0,0.0,17.649200701990623,13,160.0,25,2,1.33,0.67,28.08914355274903
438,4,0,50,4,2,230.0,9.0,-0.8085523131270385,7,299.0,0,2,1.3,1.13,59.25730716832246
439,6,1,100,5,3,28.0,1.0,9.622615107377099,11,74.0,0,2,0.83,0.8,74.00247037921177
440,5,1,70,3,3,56.0,6.0,5.997924830765773,15,87.0,25,2,1.0,0.75,31.5892759077453
441,6,0,90,5,2,78.0,3.0,14.77236653378833,3,160.0,100,1,0.5,1.25,82.40168145799073
442,1,0,100,4,5,106.0,1.5,7.482612743637719,6,286.0,0,2,1.5,1.33,23.38689528387897
443,1,1,150,4,2,55.0,2.0,1.4821903003285397,12,244.0,0,3,1.0,0.25,59.92515323939421
444,3,1,70,3,5,106.0,5.0,11.47189282983053,3,250.0,0,2,1.25,0.5,78.43243995512715
445,0,0,70,1,1,197.0,10.0,6.143649724811158,2,65.0,100,1,1.3,0.75,70.35043269067413
446,2,0,130,1,3,162.0,10.0,9.267368499269258,3,107.0,25,3,1.0,1.25,26.917906661344954
447,1,0,90,3,5,171.0,6.0,17.318631888767708,15,320.0,25,1,1.33,1.5,37.338369608251796
448,2,0,100,6,2,138.0,2.5,12.475578592549013,1,143.0,100,2,1.0,1.5,27.743054028028936
449,0,0,50,1,3,269.0,4.0,7.533047833711151,1,38.0,0,1,0.5,1.33,60.98904605456093
450,1,0,90,3,0,34.0,14.0,9.96928545259949,13,182.0,0,2,1.3,0.67,20.779039027913647
451,2,1,50,3,5,159.0,2.0,4.774235919959683,0,188.0,100,2,1.0,1.5,59.041462239769444
452,0,0,50,3,5,45.0,2.7,17.16636015765462,3,37.0,25,2,1.5,0.67,20.301279900317382
453,3,0,150,1,0,319.0,4.0,6.0368738686148085,12,242.0,0,2,1.3,0.33,77.88517873852916
454,3,1,50,6,0,286.0,6.0,4.787597689022533,5,90.0,100,2,1.5,1.5,48.339735315141354
455,3,1,70,2,5,75.0,5.0,11.164170562504186,3,145.0,25,2,1.0,0.5,75.67259485932719
456,3,0,90,1,2,189.0,0.0,18.87046972392651,8,288.0,100,1,1.33,1.13,46.15377264070148
457,5,1,70,3,2,232.0,3.0,9.808466321525545,1,167.0,25,2,1.5,0.25,42.50070494485076
458,6,0,70,1,3,125.0,4.0,4.83444336120206,3,200.0,0,1,1.33,1.13,51.38235228270491
459,3,0,140,2,2,131.0,2.5,2.069932544527537,6,174.0,25,3,1.3,1.33,71.67024605466008
460,5,0,80,4,0,61.0,2.0,13.106408473268651,10,185.0,25,2,1.0,0.67,54.25808859405758
461,3,0,160,2,0,231.0,2.5,6.78841439229951,11,19.0,25,1,1.25,0.75,69.25822204428512
462,1,1,160,1,1,172.0,5.0,16.62850639915804,12,15.0,100,1,1.3,0.75,24.276989445603146
463,0,1,130,1,1,39.0,2.5,22.917486949023264,2,150.0,25,1,0.5,1.25,48.35947264739112
464,0,0,110,3,0,45.0,3.0,17.67145497215343,3,246.0,25,3,1.0,0.67,74.95483383498197
465,5,0,50,4,1,257.0,2.5,21.64964657229207,13,289.0,0,3,1.3,0.5,56.21773801941182
466,5,0,50,5,1,177.0,9.0,22.211654530816546,1,114.0,25,3,1.25,0.8,83.84385420176967
467,3,1,100,3,2,319.0,2.0,9.917039054802705,15,311.0,0,3,1.0,0.75,39.219721827379495
468,3,0,70,2,0,264.0,3.0,1.406173571124873,12,302.0,100,3,1.33,1.25,28.385880497267227
469,0,1,110,2,0,254.0,1.0,5.271980334798166,7,56.0,25,2,1.25,0.67,28.071509017486363
470,6,1,80,3,3,143.0,6.0,4.8063042043230375,1,0.0,0,2,1.5,0.88,22.232683015445858
471,2,0,160,5,5,27.0,9.0,19.773794555137663,13,187.0,100,3,1.0,1.5,25.101465863461485
472,5,1,140,1,0,281.0,2.7,5.2695393771735315,6,97.0,100,1,1.3,1.0,19.535315388948565
473,1,0,100,3,0,243.0,14.0,3.1947565080660443,7,50.0,25,1,1.33,1.33,81.66086864365639
474,1,0,100,2,3,145.0,1.0,6.1362849469921485,7,268.0,25,3,1.0,1.5,75.43691059684473
475,1,1,90,5,5,125.0,2.0,15.21077413791284,6,116.0,100,3,1.5,1.25,64.87877034864749
476,5,0,130,1,2,222.0,6.0,6.609045995101326,12,295.0,25,2,0.83,1.13,43.27779486279469
477,4,1,70,4,3,316.0,10.0,19.493002149207282,13,27.0,100,2,1.25,1.5,46.908259722873815
478,5,1,160,6,5,235.0,3.0,-0.31159967998600135,13,58.0,0,1,1.5,1.5,69.18582857238205
479,6,1,120,6,1,263.0,9.0,20.87150837545662,9,73.0,0,3,1.0,0.8,85.84793113391149
480,2,0,90,6,0,261.0,0.0,1.8409989532551654,12,252.0,0,3,1.25,0.25,58.944091961096575
481,3,1,50,3,0,2.0,2.7,17.457394840068208,3,158.0,25,1,1.3,0.67,77.04356856803899
482,2,1,150,5,5,279.0,1.0,19.109821204651684,12,193.0,100,2,1.5,0.5,77.35307424762462
483,4,0,120,5,1,153.0,9.0,12.477954613756262,0,12.0,100,3,1.3,0.8,83.9263443846617
484,4,0,50,6,2,175.0,2.5,13.323070670956177,-1,84.0,100,3,0.5,0.33,31.332520646155054
485,5,0,130,6,3,207.0,0.0,9.490865681555064,14,274.0,0,1,0.83,1.0,27.993388181424073
486,1,1,140,4,0,135.0,4.0,0.7773434489369828,12,60.0,25,1,1.33,0.75,36.34326423115117
487,0,0,100,6,5,34.0,0.0,8.456569389536106,1,75.0,0,2,0.5,1.33,60.41352180569243
488,3,0,120,5,2,12.0,3.0,13.83100157633035,1,292.0,100,1,1.33,1.5,38.68998365988016
489,1,0,50,2,1,252.0,5.0,22.261207848302274,0,8.0,100,1,1.5,0.88,75.48564187951241
490,0,0,130,6,5,32.0,9.0,11.155242957155279,10,147.0,25,1,1.5,0.67,90.66783738588167
491,4,0,150,4,5,87.0,4.0,15.534267313356338,4,43.0,25,3,0.5,1.0,82.4905831963508
492,3,0,100,3,1,315.0,4.0,17.481431183413196,10,291.0,0,2,1.3,1.33,48.75855285046053
493,5,1,140,4,2,160.0,2.0,0.8003036338268262,2,148.0,25,3,1.5,0.75,39.82350078306057
494,3,1,120,3,0,15.0,2.7,17.565162398475238,11,68.0,25,3,1.5,0.88,87.38694558189832
495,5,0,150,5,0,63.0,1.0,10.587418181085292,0,241.0,0,2,1.25,0.67,26.761960042830058
496,5,0,130,2,0,284.0,2.5,19.848726117302412,10,12.0,25,3,1.3,0.8,26.153384637130063
497,2,1,130,2,1,193.0,1.5,7.299033591378491,4,51.0,25,1,1.0,0.75,39.13887794097629
498,4,1,80,2,0,305.0,1.0,12.718306710816131,12,59.0,25,2,1.25,0.67,19.613163279174028
499,0,0,70,1,0,310.0,6.0,19.83105677341848,8,184.0,25,3,0.83,0.88,29.601232725803083
500,5,0,160,2,5,128.0,6.0,16.281053666180288,12,310.0,100,1,0.83,0.75,19.49021560613896
501,3,0,110,1,2,86.0,0.0,13.119554865786755,10,277.0,100,1,1.3,0.75,21.098118056911986
502,5,1,130,6,3,64.0,10.0,10.991667907981027,3,42.0,0,1,1.25,0.88,77.65234577954594
503,1,0,140,2,3,288.0,1.5,4.8398175755616,5,232.0,25,1,1.33,1.25,86.04314157705633
504,1,0,120,1,1,253.0,10.0,13.975672998162496,12,153.0,100,3,1.5,0.75,81.81641872606806
505,1,0,100,3,1,81.0,14.0,17.34963121224011,0,70.0,0,2,1.33,1.33,57.75669608958199
506,3,1,120,1,2,158.0,2.7,9.13518446523785,14,288.0,100,1,1.33,1.33,28.60669749884249
507,2,0,80,4,5,195.0,2.0,4.212818663712277,4,244.0,25,3,1.0,0.25,21.01405809983217
508,4,1,70,5,5,307.0,1.0,-0.7077615373433668,9,224.0,0,1,1.25,0.67,61.20815360024372
509,3,0,130,6,5,187.0,1.5,18.42432909843014,3,131.0,100,3,0.83,0.8,57.33850620226236
510,0,0,120,4,0,207.0,2.5,13.34705088142838,6,209.0,0,3,1.3,0.33,31.511057260334518
511,5,0,80,3,0,194.0,3.0,16.399166228431735,2,34.0,100,2,0.5,0.75,61.331241095546694
512,6,1,140,6,5,256.0,5.0,5.131969848404276,1,32.0,25,3,1.0,1.25,43.09810945978405
513,0,1,50,3,0,86.0,6.0,4.260687932151355,4,232.0,25,3,1.25,1.0,81.65108542992655
514,5,0,100,3,0,176.0,2.7,15.066460300667451,11,54.0,25,1,1.25,1.0,21.5194070548977
515,3,1,120,6,2,202.0,6.0,6.816241432384632,4,225.0,0,1,1.5,1.13,88.57247607440179
516,5,1,50,3,2,190.0,2.7,16.976049589536434,12,171.0,25,3,1.33,0.5,23.81135636792015
517,1,1,70,2,0,227.0,1.0,6.171960195888857,10,181.0,25,1,1.33,0.75,86.95519302685604
518,1,1,150,1,0,162.0,2.7,16.47907293285578,1,136.0,100,3,1.3,1.0,42.25310948904984
519,6,1,50,1,2,6.0,9.0,17.74170983034958,10,169.0,0,2,0.83,1.33,68.07153800962809
520,3,1,90,1,3,95.0,1.0,17.810754889839483,1,293.0,100,2,0.83,0.88,24.583256757712384
521,6,0,140,1,5,130.0,0.0,5.602666619222213,13,58.0,25,3,1.5,0.67,31.43613669780668
522,4,1,110,1,3,159.0,2.7,13.984013669782785,14,68.0,100,1,1.5,0.25,29.972052549786085
523,1,0,70,1,2,22.0,0.0,19.77742872701214,7,96.0,100,2,1.3,1.13,45.14961878606246
524,5,0,110,2,0,296.0,1.5,20.220706087365517,3,3.0,25,3,1.25,0.25,71.11287797297743
525,6,1,140,5,2,245.0,2.0,8.710274333999449,15,302.0,0,3,1.25,0.75,82.78608112746483
526,0,1,90,2,3,175.0,1.0,17.380574295469536,1,278.0,25,1,1.5,0.88,24.1683317170579
527,2,1,50,2,0,127.0,2.7,10.869174271373137,8,210.0,0,3,1.25,1.33,46.936840520751396
528,5,1,100,2,0,282.0,2.5,7.672853781170543,12,6.0,25,3,1.5,0.33,20.041334991970473
529,2,0,150,6,0,115.0,10.0,9.761098853629987,4,74.0,25,2,1.33,0.75,58.86039731871625
530,1,1,50,3,3,224.0,6.0,1.381003666358855,12,48.0,25,1,1.25,0.25,46.59199535362081
531,1,1,120,2,1,194.0,5.0,16.490459195715484,2,77.0,100,2,0.5,0.75,60.627021513685044
532,0,0,50,3,0,9.0,6.0,3.8485231763705863,11,27.0,25,3,0.83,1.0,73.90245582537756
533,1,0,110,1,3,3.0,6.0,5.112173836798632,8,126.0,25,2,1.3,0.67,87.52495762578815
534,1,1,130,5,5,318.0,4.0,19.64036196522799,-1,82.0,0,3,1.5,0.5,56.042185858014854
535,6,1,150,4,3,127.0,1.0,11.392173881935223,13,279.0,25,3,1.33,0.33,83.17338283241659
536,2,1,50,1,3,13.0,10.0,6.335729853935449,15,20.0,100,1,0.83,1.0,80.25502874079064
537,0,1,150,6,0,133.0,2.5,7.156652927684622,4,6.0,100,1,1.0,1.13,27.928536636857793
538,6,0,80,5,1,4.0,9.0,12.636985484018288,5,158.0,25,1,1.25,1.0,77.73836874314533
539,3,1,120,1,1,188.0,5.0,2.8804804380496063,1,69.0,0,1,0.83,1.5,74.26526496393845
540,1,0,50,4,0,5.0,2.5,8.65243264443957,-1,175.0,0,3,1.3,0.25,62.586198095966196
541,0,0,50,4,2,295.0,5.0,9.059206231247575,1,163.0,25,2,1.3,1.0,28.45190268292727
542,6,1,100,3,0,241.0,2.7,15.805408076611068,1,21.0,25,1,1.25,1.0,31.621712040574693
543,1,0,100,4,2,114.0,2.0,21.939789740635504,4,154.0,0,2,0.5,1.0,49.038569733541934
544,5,1,160,6,3,272.0,3.0,-0.2744253879259929,3,40.0,0,1,1.5,1.5,65.96017169518348
545,5,0,130,6,0,289.0,2.5,14.521934493593733,13,72.0,100,1,1.25,0.25,66.06700097530639
546,5,0,90,1,2,65.0,2.7,18.43923910631148,13,324.0,100,1,1.25,1.13,87.1529344516349
547,3,0,80,3,0,311.0,1.5,3.489273447985265,6,149.0,100,3,0.83,1.25,27.01297752093663
548,5,0,70,1,3,105.0,6.0,19.637246625254445,-1,128.0,25,3,0.83,0.88,30.503742809267358
549,3,0,140,6,1,108.0,0.0,17.001794232608862,2,285.0,0,2,1.33,0.75,29.37570597376793
550,6,1,90,1,5,226.0,10.0,15.675845655394163,15,191.0,100,2,0.5,1.25,20.680116201362758
551,1,1,130,3,2,215.0,5.0,10.815330485241448,14,254.0,100,3,1.25,0.33,83.71438853882232
552,2,0,70,5,5,298.0,3.0,17.08013445917009,4,307.0,100,2,1.33,0.8,52.82757724078229
553,5,0,120,4,1,273.0,5.0,1.6125623457966431,3,42.0,100,3,1.3,0.88,34.4635759425797
554,4,1,90,1,1,295.0,1.0,18.481161113622335,3,8.0,100,1,1.33,1.13,87.0511189875091
555,3,0,50,1,0,70.0,4.0,6.113985637564286,9,200.0,0,3,1.25,0.33,66.5830151112221
556,3,0,150,1,5,271.0,4.0,5.458314914775057,1,280.0,0,2,1.33,0.5,41.45275132407589
557,5,1,130,3,3,1.0,5.0,11.968858107927767,1,67.0,0,3,0.83,0.8,80.00422583076035
558,4,1,80,3,0,55.0,2.7,16.32297623941395,1,187.0,25,1,1.3,1.0,31.415864815202283
559,4,1,150,2,2,183.0,1.0,3.0574936000353015,5,169.0,25,2,1.3,1.33,22.777167788646757
560,1,0,160,2,5,108.0,1.5,2.3184176657306734,6,40.0,25,1,1.5,1.0,45.163484019227
561,1,1,90,3,0,117.0,1.0,12.938913195918829,7,139.0,100,2,0.5,0.33,82.20950307447775
562,3,1,90,1,1,163.0,2.7,17.323181233065302,15,289.0,0,3,1.33,1.5,32.810845709143436
563,2,0,120,1,5,117.0,0.0,0.8993727178609556,12,84.0,100,3,1.3,1.33,33.27689289840321
564,3,0,110,4,5,8.0,14.0,10.644623419947619,1,140.0,100,3,1.3,0.88,76.8079820952001
565,1,0,150,3,3,127.0,6.0,4.7924937099575295,3,81.0,0,2,0.83,1.33,48.47311786115634
566,4,1,50,2,0,61.0,2.7,8.212614894991328,14,300.0,0,3,1.5,0.88,38.59918302596874
567,3,0,130,4,5,52.0,0.0,9.368896485576437,6,32.0,25,3,0.83,1.33,33.58959066652627
568,1,0,50,2,3,169.0,3.0,2.1150828109714164,2,104.0,100,3,1.3,1.25,43.78506439289837
569,5,1,120,5,3,187.0,1.0,2.710461138949259,1,209.0,0,1,1.25,1.5,71.76667244513891
570,6,1,120,2,3,141.0,6.0,1.3342268714599934,12,245.0,100,2,1.5,1.33,68.3604066107882
571,5,0,140,5,2,263.0,2.0,21.45781029257316,3,133.0,100,1,0.5,0.25,33.49992156340055
572,6,0,150,5,2,118.0,2.0,5.327445355273471,6,198.0,0,1,1.3,0.5,55.75365269525189
573,2,0,160,2,0,204.0,1.5,5.830820832925116,2,236.0,25,3,1.33,0.75,23.717975130114727
574,0,0,70,1,3,231.0,10.0,20.144980923284095,0,291.0,100,2,1.33,1.5,27.20624974808872
575,3,0,100,6,2,68.0,10.0,22.590621734880546,2,180.0,0,1,1.0,0.67,92.01330560091816
576,1,0,150,1,5,167.0,4.0,5.454690765205819,6,302.0,100,1,1.3,0.5,52.76972449919481
577,1,0,130,2,3,127.0,6.0,0.8878110257614068,10,277.0,100,3,0.5,1.33,36.19230617647417
578,3,0,110,3,5,162.0,1.5,5.792032676811846,5,183.0,100,2,1.25,0.8,45.6107566787793
579,6,1,150,4,1,23.0,3.0,10.041987282823074,5,92.0,0,2,1.25,1.33,55.294788511378876
580,0,0,130,2,2,10.0,3.0,10.40961459726426,13,284.0,100,2,1.33,0.5,20.83922756865398
581,5,1,130,3,0,56.0,2.7,15.94440998637317,1,194.0,25,1,1.0,1.0,41.85632881886004
582,1,0,120,4,5,163.0,3.0,17.126636597750714,13,47.0,0,3,1.3,0.8,27.4477915282224
583,2,0,120,4,0,208.0,2.5,9.69327269024799,-1,172.0,0,3,1.25,0.25,75.90340304300466
584,4,1,70,3,2,75.0,14.0,19.54945666947064,6,110.0,25,3,1.33,1.13,78.34625859809528
585,3,0,50,2,5,314.0,9.0,6.0719203661175705,13,55.0,0,2,1.0,0.67,55.30253817284257
586,5,1,140,4,1,144.0,1.0,22.363759039449775,8,79.0,25,3,0.83,0.25,76.82845268523434
587,6,0,130,6,2,213.0,14.0,3.1458831389049413,11,320.0,100,3,1.0,0.25,28.218405790324496
588,0,1,110,3,2,172.0,3.0,0.6077783834536232,10,174.0,25,1,1.5,0.25,33.46916103764607
589,0,1,80,5,2,250.0,9.0,1.899461259732554,6,297.0,100,3,0.83,1.33,77.81865237923763
590,4,0,130,3,5,217.0,2.0,17.452678856955913,12,223.0,0,2,1.33,1.25,23.181427569040096
591,3,1,50,5,2,98.0,9.0,17.67797953640318,4,222.0,0,1,1.33,1.33,87.15471338685157
592,6,1,130,2,3,235.0,1.5,1.8027119829066627,2,116.0,25,1,0.5,1.0,19.282608185274125
593,0,1,70,3,0,120.0,2.7,20.38637103614156,-1,64.0,25,1,1.25,0.88,59.2378252797993
594,5,0,110,2,1,171.0,6.0,16.08027410018863,12,41.0,100,2,0.83,0.75,25.999838044864592
595,1,1,120,4,3,124.0,4.0,18.498164147296983,5,308.0,25,2,1.5,1.5,29.341109637255226
596,5,1,70,1,1,148.0,5.0,11.576661855952919,8,59.0,100,2,0.83,0.75,31.145930877887114
597,5,1,50,3,3,204.0,9.0,1.3220975405897069,8,202.0,0,1,0.83,0.88,27.982535021518434
598,0,0,100,6,3,164.0,3.0,9.828698808971033,15,76.0,0,2,0.83,0.75,38.87505537653478
599,1,1,100,4,3,176.0,5.0,4.668096338701493,14,67.0,100,1,1.33,1.5,78.80969386114262
600,2,1,120,6,1,98.0,10.0,11.007207905225131,3,66.0,0,2,0.5,0.5,77.68625053010486
601,0,1,160,2,0,46.0,3.0,16.285832255708353,12,13.0,100,3,1.5,0.75,23.3431634680606
602,3,1,50,2,0,161.0,6.0,4.717048699634621,0,141.0,100,1,1.25,1.0,34.99916278828182
603,3,0,160,4,0,20.0,2.5,9.135294946050497,-1,70.0,0,1,1.25,0.25,81.68041915954804
604,3,1,50,5,1,136.0,9.0,4.3153867147063565,0,206.0,100,3,1.0,1.0,53.269493254974805
605,2,1,140,3,2,89.0,1.5,22.103860194777535,-1,207.0,0,3,0.5,0.88,41.27473512103057
606,1,1,50,2,0,38.0,2.7,7.97011476583176,0,209.0,0,3,0.5,0.67,44.69717353955101
607,3,1,130,3,0,194.0,5.0,4.073911399611016,14,198.0,0,2,1.33,0.67,69.83340991859258
608,6,1,50,3,3,148.0,2.7,19.74022554779032,0,299.0,25,1,1.33,0.88,22.076906401562546
609,6,0,130,6,1,181.0,0.0,17.783952273304926,8,17.0,0,2,1.3,0.75,61.90205339863803
610,1,1,90,6,1,300.0,9.0,21.31933646737221,2,28.0,0,2,1.0,0.8,86.39649445589467
611,3,0,80,3,3,47.0,9.0,0.11545461847312688,3,40.0,0,3,1.3,0.75,18.469986824190563
612,0,0,110,1,3,122.0,10.0,20.56264289764982,1,102.0,100,2,1.0,1.5,61.14712655087034
613,3,1,150,1,0,161.0,1.0,9.22685623184889,3,71.0,0,3,1.33,0.33,49.41187737615358
614,6,1,160,6,0,221.0,2.5,12.305067815073789,2,27.0,100,2,0.5,0.33,26.014759869267436
615,1,1,100,2,0,293.0,2.5,2.9598837131211404,14,238.0,25,1,1.5,0.75,89.70190016183821
616,2,0,50,3,5,21.0,14.0,4.421365874685974,4,322.0,25,3,1.0,1.0,21.623452169916092
617,1,0,100,4,1,56.0,4.0,14.20779547205051,4,64.0,25,3,0.83,1.0,70.86505668233428
618,3,0,110,4,3,4.0,9.0,16.935436699321837,10,270.0,25,1,1.5,0.75,89.84774764900725
619,2,1,100,4,3,31.0,10.0,19.586128920401432,0,100.0,100,3,1.3,1.5,44.182317945153535
620,4,1,120,4,2,83.0,4.0,0.24402164221799683,2,166.0,25,3,1.5,0.75,50.449040537785066
621,3,0,100,6,0,71.0,2.5,3.6440428193371233,10,309.0,100,3,1.25,1.13,38.48774835678896
622,0,1,70,3,0,133.0,2.7,15.566197241786318,13,236.0,25,1,1.0,1.0,77.59579092225401
623,5,0,110,1,3,216.0,10.0,14.318897931874115,10,266.0,100,2,1.33,1.25,35.15673254451872
624,2,0,100,6,3,185.0,5.0,5.562320921334315,15,277.0,25,3,1.5,1.5,60.517002236413056
625,2,1,80,5,1,90.0,1.0,3.413336844929742,6,212.0,100,3,0.5,1.33,62.591582476418004
626,4,0,70,1,3,41.0,10.0,1.8937630697736108,13,100.0,100,3,1.3,1.25,86.75555911993864
627,2,0,120,3,2,231.0,6.0,6.430461989350715,9,307.0,0,3,0.83,1.13,77.25517086320272
628,0,0,160,4,2,106.0,2.0,7.869072518174053,9,243.0,25,3,1.0,0.75,82.16556398655443
629,2,0,150,6,3,22.0,0.0,5.944455915225513,13,135.0,0,1,1.3,0.5,31.417257293008163
630,2,0,80,6,0,28.0,0.0,3.5622267464294675,2,79.0,0,2,1.5,0.25,37.50848669804731
631,2,1,50,1,0,45.0,2.7,8.553361359288964,15,110.0,0,2,1.0,0.67,26.96467451183469
632,1,1,70,1,5,117.0,1.5,0.0652005501971249,8,73.0,0,3,0.5,0.8,80.50476894316905
633,3,0,50,5,5,230.0,2.0,1.0185014441294067,8,35.0,0,1,1.25,0.88,27.243668154155046
634,3,0,130,5,5,74.0,2.0,15.225094427355915,15,318.0,100,2,1.0,1.25,64.00411804019265
635,6,1,160,4,3,227.0,4.0,19.06871242816494,4,311.0,25,2,1.5,1.5,54.35375644356294
636,1,0,50,1,0,219.0,9.0,2.8198443071771595,8,250.0,0,2,1.5,0.33,59.20305969335458
637,4,1,80,4,1,166.0,2.5,19.307701437557736,-1,44.0,0,3,0.5,0.33,48.20055050395567
638,1,0,50,6,3,233.0,0.0,9.455091889363356,1,207.0,0,1,1.33,1.0,90.60799788452164
639,2,1,50,6,3,146.0,10.0,14.113382666552313,4,41.0,25,3,1.25,1.25,65.93053640045036
640,6,1,120,1,3,139.0,6.0,0.7208500607503805,13,132.0,0,1,1.25,1.33,63.52242273634685
641,2,0,120,5,1,118.0,2.0,0.9602499069756392,10,1.0,100,2,1.25,1.33,86.70548837218291
642,4,1,100,4,2,312.0,14.0,20.141214473486936,13,153.0,100,2,1.25,1.5,46.46673973941747
643,1,1,70,5,2,247.0,1.0,6.0786249518084805,1,158.0,100,3,1.33,0.75,73.3004463853956
644,6,1,160,4,2,120.0,1.0,5.684883573014793,3,154.0,25,2,1.33,0.75,30.32990473250831
645,2,1,140,4,5,235.0,2.0,0.45605258284268163,8,53.0,0,1,0.83,0.5,28.388588934998452
646,6,1,160,1,2,117.0,2.7,18.72965523331976,5,287.0,100,2,1.33,1.13,63.03170679229037
647,1,1,50,4,2,122.0,2.0,22.091562212894182,4,172.0,25,1,1.5,1.0,93.59169070246186
648,5,0,50,3,5,129.0,1.5,18.085940202510074,10,125.0,100,1,0.83,1.33,82.74876872190448
649,2,0,150,3,2,21.0,3.0,18.012230977276154,0,8.0,25,3,1.5,0.33,66.02522879111939
650,1,0,100,5,1,12.0,2.0,10.466982937435214,8,5.0,100,3,1.3,0.88,46.50309837382133
651,0,1,50,3,0,1.0,6.0,4.035669881110022,12,205.0,0,1,1.33,1.0,20.683758262536248
652,1,1,50,1,0,298.0,1.5,7.452250415643436,5,79.0,0,2,1.0,0.67,51.83887252603236
653,1,0,150,1,5,64.0,4.0,5.161003344442097,9,290.0,0,3,1.3,0.5,22.909659099407712
654,6,0,140,1,3,216.0,4.0,0.7318631369545145,9,81.0,100,2,1.0,1.33,55.424873363356575
655,1,1,160,1,3,46.0,2.7,21.40904489406919,15,241.0,100,1,1.25,0.25,78.91528628466128
656,5,1,100,2,0,208.0,1.0,17.2687977253869,11,103.0,25,3,1.5,0.88,67.37954240753139
657,5,1,130,4,5,200.0,2.0,14.22142441966284,2,41.0,25,3,1.25,0.33,21.542547690694228
658,0,0,100,5,3,241.0,2.0,18.034339260747906,3,7.0,0,1,1.3,0.8,49.28723179801112
659,4,1,50,6,2,238.0,2.5,7.108689297876255,4,96.0,100,2,0.5,1.5,28.29751234686956
660,3,1,120,5,1,75.0,9.0,12.710632970255077,4,160.0,100,2,1.0,0.8,86.97010126106942
661,4,1,160,4,5,60.0,0.0,0.9748734888499878,10,196.0,100,3,1.33,1.33,35.40082330636576
662,0,0,90,4,1,315.0,1.5,19.386040919599463,10,243.0,0,1,1.33,0.33,57.16121592458309
663,1,0,100,6,5,64.0,10.0,22.862493923452718,2,69.0,0,3,1.33,0.67,43.476648730500756
664,2,0,120,1,0,193.0,10.0,13.80577940785971,1,152.0,100,2,1.33,0.75,39.7760593935918
665,0,0,120,3,0,298.0,14.0,-0.17746353573668427,5,200.0,0,2,1.5,0.75,63.07061229141406
666,5,1,50,6,1,112.0,9.0,15.995853537672504,-1,311.0,25,2,0.83,1.0,58.913121951662696
667,3,0,120,4,1,110.0,0.0,17.668842165260653,2,163.0,25,1,1.25,0.75,84.0586057975895
668,5,0,50,3,5,59.0,10.0,4.227840757824533,3,253.0,0,3,1.0,1.13,67.70482939635998
669,2,1,160,6,1,316.0,14.0,19.92577558211223,15,181.0,100,1,0.5,1.0,47.064514267019455
670,2,0,130,1,3,100.0,6.0,7.926678624659992,9,106.0,25,1,0.5,0.75,46.186299065617966
671,1,1,70,2,2,60.0,6.0,21.395879527785127,11,260.0,100,2,1.25,0.8,88.82018522974967
672,4,0,140,4,2,165.0,2.0,14.415195208715044,2,11.0,25,1,0.5,1.0,21.781287585841753
673,5,0,110,4,1,210.0,4.0,1.9622862106620358,14,258.0,25,1,0.83,0.25,64.70656897177652
674,5,0,130,4,5,279.0,2.0,17.17590174573458,3,281.0,0,3,1.3,1.25,72.68476072094253
675,1,0,50,3,5,309.0,14.0,9.50498512786594,11,50.0,25,1,1.0,1.0,30.69077666749837
676,1,1,100,1,5,3.0,1.0,8.30197161277327,-1,226.0,0,1,0.83,1.13,87.35418953067368
677,6,1,140,1,0,87.0,1.0,18.14461428764226,11,13.0,100,2,0.5,0.88,22.743364538214244
678,6,1,80,3,1,222.0,14.0,19.87286720827857,3,19.0,0,2,0.5,0.33,72.34122647934296
679,0,1,120,3,5,7.0,2.7,7.9566548112728075,2,145.0,25,3,1.25,0.75,49.6772764225839
680,3,0,140,1,3,7.0,0.0,9.24871488997358,4,197.0,25,3,1.33,0.75,79.92846073040927
681,1,1,70,4,0,283.0,14.0,12.070548075746384,2,92.0,100,1,1.33,0.75,93.50787545003018
682,2,0,80,2,0,248.0,5.0,4.6450598214263,8,91.0,25,1,1.25,0.25,34.59467232106258
683,1,1,50,5,2,242.0,3.0,14.62553374832396,3,264.0,100,2,1.5,1.25,59.72288323350554
684,3,0,150,6,0,207.0,10.0,5.248787225075676,12,204.0,0,2,1.5,0.33,51.957790814855215
685,0,0,70,4,5,23.0,4.0,15.624673817268048,11,73.0,0,1,0.5,1.0,46.72266429097831
686,6,0,80,4,0,125.0,2.5,4.502568580832586,3,213.0,0,3,1.3,1.13,83.52155914569039
687,5,1,130,3,1,294.0,14.0,8.448690159237874,5,155.0,25,2,1.25,1.0,51.31058109317173
688,2,1,50,2,5,13.0,5.0,9.093678965039645,-1,49.0,25,2,0.83,1.5,74.87266311172365
689,1,1,140,4,0,166.0,1.0,14.852561464608119,13,8.0,25,1,1.33,0.33,40.191437531175815
690,0,0,100,3,5,260.0,1.5,17.004968872314883,4,315.0,100,1,0.5,1.33,79.0220000395438
691,5,0,50,5,2,275.0,9.0,21.795261150617275,0,313.0,100,1,1.3,0.25,55.965425474411376
692,6,1,70,3,3,127.0,2.7,19.563657839871997,8,126.0,25,3,1.33,0.88,45.06697650694901
693,3,1,150,3,5,153.0,2.7,6.971562518832941,8,243.0,25,1,1.3,0.75,55.25048166411346
694,0,1,90,4,0,81.0,1.0,17.58765069224207,11,27.0,25,1,1.25,0.88,56.06580421754409
695,1,0,120,5,3,102.0,9.0,0.6561792690507904,2,130.0,25,3,1.5,0.75,51.76461579584047
696,1,1,80,6,5,308.0,9.0,5.644642580146002,13,72.0,0,1,1.33,0.5,38.06236940942177
697,6,1,50,4,2,241.0,2.0,19.493940272374566,5,153.0,25,3,0.83,0.25,60.40222744856719
698,1,1,80,6,1,51.0,10.0,4.964041042898428,3,17.0,0,2,1.25,0.88,50.78575690530484
699,6,0,150,6,0,65.0,14.0,3.1912843294646165,2,82.0,100,2,1.5,1.33,64.35720005121904
700,5,0,160,3,5,138.0,2.7,6.218347420131771,4,23.0,25,2,1.25,0.75,27.747405683022095
701,2,0,150,4,5,99.0,10.0,22.30321211770487,3,94.0,100,1,1.33,0.5,32.282074424661936
702,5,0,100,6,0,266.0,2.5,21.508642286300763,9,11.0,100,3,1.3,0.33,31.91808939132916
703,1,0,130,3,1,186.0,14.0,20.974500403556643,5,16.0,0,3,1.0,0.33,53.29147243993276
704,6,1,160,5,2,75.0,2.0,19.094026890604805,7,158.0,100,1,1.5,0.5,28.00500228590052
705,1,1,50,1,3,120.0,10.0,14.320835263805042,7,79.0,100,3,0.5,0.33,69.6020380907356
706,1,0,90,5,2,85.0,10.0,19.6869448627281,-1,179.0,25,3,1.0,0.67,78.65094755684979
707,4,0,90,6,0,254.0,2.5,14.56156698345147,13,144.0,100,1,1.0,0.25,65.18348989237741
708,3,0,110,2,0,22.0,1.5,18.2334664993396,8,238.0,0,3,1.33,0.25,28.002721653577197
709,3,1,110,2,1,263.0,1.0,10.836326580867214,8,292.0,0,2,1.33,1.33,45.96813175908069
710,6,1,120,1,5,282.0,4.0,18.81517894596617,12,325.0,100,1,1.25,0.5,60.2639002077316
711,0,1,80,2,0,72.0,1.0,13.584055386177466,10,17.0,25,2,1.5,1.0,25.27855276402057
712,0,0,80,1,2,143.0,9.0,10.110071534903515,10,298.0,0,2,1.3,1.25,36.99947340054034
713,3,1,130,1,3,191.0,5.0,11.712220750276622,1,203.0,0,3,0.83,0.8,81.8459246413084
714,2,0,100,5,5,79.0,4.0,11.3341485966268,3,43.0,0,3,0.5,0.5,75.42005004343454
715,3,1,80,5,1,79.0,2.0,6.006105291673585,6,38.0,0,3,1.25,0.5,29.359576423545455
716,3,1,150,5,1,137.0,9.0,12.463434216821646,15,76.0,100,3,1.0,0.8,85.8008223474162
717,0,1,110,3,5,152.0,14.0,10.260873556846189,11,61.0,0,1,1.25,0.88,56.22128592217032
718,1,1,120,5,0,299.0,1.0,3.208175801581743,14,45.0,0,2,0.5,0.75,66.34415106138935
719,3,0,110,4,1,67.0,2.5,17.407727556481717,12,20.0,0,1,1.0,1.25,31.918565790534473
720,3,0,80,3,2,20.0,14.0,4.788971363814753,15,247.0,25,3,1.33,1.25,28.880082305751515
721,0,0,50,3,0,129.0,14.0,14.916658645292424,5,107.0,25,3,1.33,1.33,53.96867698258989
722,6,0,130,4,2,243.0,2.0,7.5067726079584025,15,291.0,25,3,1.25,0.25,87.31939087426568
723,1,0,100,1,2,0.0,2.5,9.985742226083898,8,175.0,25,2,1.3,1.33,47.51618713481593
724,1,0,140,3,1,218.0,10.0,9.352334546305359,8,76.0,0,3,1.33,0.75,77.57530818824416
725,4,1,50,3,0,50.0,3.0,20.076275180146453,7,184.0,25,2,1.5,1.33,23.855145528782636
726,5,1,80,4,2,269.0,2.7,3.875957986312079,13,126.0,0,2,1.33,1.13,44.46934903704758
727,1,0,130,3,5,59.0,2.7,9.791658996289796,2,139.0,25,2,0.83,1.5,47.43557479274905
728,0,1,140,4,3,144.0,10.0,9.175328759265238,6,313.0,25,3,0.5,1.25,46.40530729201886
729,2,1,160,4,2,214.0,0.0,6.583324641455991,9,292.0,25,1,0.5,0.75,25.328385974804934
730,5,1,90,3,1,63.0,2.7,17.874994881798308,1,214.0,25,1,1.0,0.88,27.522625344758428
731,4,1,120,1,3,215.0,0.0,17.029150230734928,12,82.0,25,3,1.33,0.75,74.19586100879629
732,3,0,120,5,0,277.0,1.0,21.121098973815037,3,162.0,100,2,1.25,0.75,56.062858144168956
733,1,0,80,4,0,146.0,2.0,9.39729660691943,3,191.0,25,3,1.0,0.67,48.79913379886288
734,3,1,80,4,2,142.0,0.0,2.5545634698889814,14,307.0,100,1,1.5,0.88,75.5949738129097
735,6,1,160,6,2,45.0,3.0,13.113965333775347,5,305.0,0,3,1.5,1.13,75.66748953642977
736,0,0,70,1,0,37.0,1.0,0.062191051522989316,9,71.0,0,2,0.83,0.67,79.10376204824635
737,3,0,120,1,0,55.0,2.7,1.542687088598301,8,6.0,100,2,1.25,0.88,67.38031569811895
738,1,0,50,6,0,117.0,2.5,5.515724726747394,8,14.0,100,3,1.5,0.33,46.64167056634825
739,1,1,160,2,2,304.0,3.0,9.838148510122183,2,308.0,100,1,1.0,0.5,73.23821404628353
740,3,1,70,5,1,65.0,2.0,0.5263930374160347,12,2.0,100,1,1.0,0.25,54.83931543175381
741,2,0,90,2,0,294.0,6.0,17.461156238157418,15,66.0,100,3,0.83,1.5,80.89856146593017
742,1,0,110,5,5,83.0,2.0,0.6125852968540453,0,255.0,0,3,1.0,0.25,57.5882202179352
743,0,1,50,3,0,104.0,2.7,16.248488956238422,7,238.0,25,2,1.0,0.5,87.84076893538361
744,1,0,80,1,3,243.0,10.0,7.1636960056766075,5,66.0,100,1,1.33,1.0,18.09605387258623
745,5,1,130,4,0,131.0,10.0,13.62745235930432,2,301.0,100,2,0.5,0.33,46.85647473684884
746,5,0,50,3,0,283.0,14.0,10.78939473219262,13,187.0,25,1,1.3,1.33,43.14718608426422
747,3,0,120,4,0,76.0,2.5,3.2503053044641517,10,303.0,0,3,1.25,1.13,69.59041083012238
748,2,1,70,2,1,5.0,1.5,19.80649415417366,1,191.0,25,3,1.0,1.5,63.29518805333133
749,0,0,120,1,5,126.0,4.0,10.462682920819107,8,184.0,100,2,1.0,0.88,92.58237452059124
750,4,0,110,6,1,180.0,2.5,18.393707998764842,9,46.0,100,1,0.5,0.67,75.58662069057203
751,3,1,80,1,1,182.0,5.0,4.3945456995323475,6,107.0,0,1,1.33,0.88,54.40079987265999
752,6,0,120,1,5,123.0,0.0,0.2263439563258504,12,182.0,100,3,1.33,1.33,39.05391871256095
753,4,1,70,1,3,305.0,6.0,20.435570093314567,8,34.0,25,2,1.25,0.88,31.93745476942478
754,5,0,140,2,0,47.0,1.0,12.597897241750372,-1,197.0,25,3,0.83,0.67,31.642449339216366
755,1,0,80,6,5,81.0,1.5,9.012851539216365,12,314.0,100,2,1.33,1.33,28.474517205473727
756,2,1,140,1,1,215.0,5.0,12.194182396823072,14,10.0,100,1,1.3,0.75,46.25733924971171
757,3,0,70,1,0,44.0,0.0,10.536146878253582,3,19.0,25,2,1.3,0.25,76.933889531356
758,0,0,50,1,2,241.0,0.0,5.501184433299064,13,242.0,25,3,1.3,0.67,40.46019371298168
759,2,0,50,6,0,157.0,14.0,11.948788065533344,0,98.0,100,2,1.5,0.75,60.65538533240518
760,6,0,50,3,0,128.0,14.0,9.881197648509055,8,64.0,25,2,1.33,1.33,92.42805388067859
761,2,0,130,5,5,215.0,2.0,15.284605045058047,0,288.0,100,3,1.3,0.8,81.36422366398033
762,5,0,50,2,2,178.0,1.5,4.4248411542929595,8,238.0,25,2,1.33,0.8,40.06494655398582
763,1,0,120,6,1,145.0,10.0,21.63347380160385,12,202.0,100,2,1.0,0.75,65.60898086363662
764,5,0,50,3,0,146.0,14.0,15.303440411045507,10,238.0,25,2,1.33,1.33,89.82416144599893
765,5,0,120,1,3,60.0,0.0,4.3823268982886585,14,31.0,100,3,1.3,1.5,93.56466495335872
766,1,1,100,6,3,103.0,10.0,20.024271030789343,9,198.0,0,1,1.5,1.5,23.76943007227904
767,0,1,110,6,2,47.0,0.0,17.938276769727988,4,255.0,0,1,1.5,0.75,87.84947467456992
768,4,0,90,2,5,263.0,3.0,-0.5832150450633538,8,47.0,0,2,1.5,1.5,48.69829013368007
769,6,1,160,5,1,257.0,9.0,4.469347296682044,13,232.0,25,3,1.0,1.25,80.79380275574101
770,4,0,90,6,2,167.0,2.5,7.04886832729249,6,17.0,100,2,0.5,1.0,79.74921328755902
771,1,0,140,4,0,108.0,2.5,22.994666545187155,0,211.0,0,1,1.3,0.67,62.25975677668231
772,3,1,150,3,1,157.0,10.0,3.432421034544965,13,86.0,0,2,0.5,0.5,47.23409250053708
773,1,1,80,3,3,97.0,0.0,16.95424540546674,14,310.0,25,2,1.5,0.5,78.06566047003435
774,0,1,120,2,3,3.0,6.0,0.6788391935950984,13,285.0,100,3,1.25,1.33,73.81751738845291
775,5,1,110,5,5,152.0,9.0,5.730537191316921,7,33.0,25,2,1.33,0.67,21.10488840951954
776,1,1,100,4,5,242.0,3.0,17.894353828778723,3,46.0,0,1,1.5,0.8,25.007916471084894
777,0,1,70,1,3,158.0,1.5,11.418099139552965,8,203.0,0,2,0.5,0.88,74.77377763419796
778,4,0,110,2,0,319.0,1.0,22.123009926564325,2,56.0,25,2,1.25,1.25,64.68502799207829
779,3,0,100,3,3,85.0,2.0,10.967399733316174,13,66.0,0,1,1.3,1.33,42.96913819932348
780,1,0,120,5,0,39.0,4.0,-0.5817592325165288,13,43.0,0,2,0.5,0.33,80.68058285220384
781,3,0,90,3,1,153.0,6.0,21.79988321257184,2,261.0,25,1,1.3,0.8,50.46735554316314
782,1,1,50,3,0,213.0,14.0,15.622725181586677,10,52.0,25,1,1.25,1.33,84.88186718635693
783,3,1,90,6,5,185.0,6.0,2.8592817377960373,8,329.0,100,1,1.5,1.25,59.41836724528604
784,2,1,100,2,0,243.0,5.0,8.393863066855685,5,241.0,25,1,1.3,0.33,71.07549237020685
785,4,0,110,4,2,229.0,2.0,2.580352551893571,13,240.0,0,2,1.0,0.5,19.216089775314416
786,2,0,160,2,1,231.0,6.0,16.13218426908044,11,284.0,100,2,0.83,0.75,31.14219738334345
787,2,1,110,1,0,202.0,1.5,0.9973452965276144,4,113.0,0,3,1.0,0.25,57.82908422404237
788,3,1,130,5,1,201.0,9.0,1.1235070675652314,4,287.0,0,2,1.33,0.8,78.22021583047785
789,6,0,90,6,5,36.0,0.0,18.299938398542587,5,281.0,0,3,0.83,0.33,53.980976658190386
790,4,1,150,5,2,132.0,2.0,16.7831981658466,0,147.0,100,1,0.83,1.0,18.937625523206215
791,0,1,100,4,0,18.0,2.5,22.170032878567824,11,5.0,0,2,0.5,0.67,21.2859943230376
792,1,1,110,6,1,77.0,14.0,4.647658155399907,4,318.0,100,1,0.5,1.0,19.990027322568007
793,2,0,130,6,5,98.0,14.0,10.940165865331306,14,99.0,100,2,1.33,0.33,85.32269211817425
794,2,0,130,4,3,12.0,4.0,18.24213082567962,4,99.0,25,2,1.0,1.5,53.089914293261266
795,1,0,130,4,3,116.0,4.0,12.93405545664537,0,33.0,25,1,0.5,1.33,78.36428430488692
796,6,0,70,1,3,213.0,6.0,5.350885553389924,15,196.0,25,3,0.5,0.75,38.47683821299739
797,5,1,50,6,2,60.0,6.0,5.137590546904349,2,179.0,0,3,1.0,0.67,34.86575658525235
798,5,0,90,3,2,235.0,10.0,10.654225763159742,10,238.0,0,2,1.0,0.67,34.978888682200676
799,4,0,110,4,3,236.0,4.0,7.374855874789435,3,298.0,25,3,1.3,0.88,68.47533600465744
800,5,0,70,6,0,200.0,1.5,0.8152526010990676,4,1.0,100,3,1.25,0.25,58.743668030180636
801,6,0,50,1,1,254.0,4.0,4.215613051042568,1,15.0,100,1,0.5,1.0,58.053815288533166
802,2,0,110,2,0,210.0,2.5,6.738907513817326,13,240.0,25,2,0.5,0.75,31.675226201094517
803,4,1,140,2,3,26.0,2.5,4.2975414619093755,7,128.0,25,3,0.5,0.75,24.09942150077512
804,1,0,140,6,5,114.0,2.5,0.8382822915746332,12,83.0,100,2,0.5,1.25,75.90317295416565
805,5,0,130,1,3,236.0,4.0,9.091011003756893,1,33.0,0,3,0.5,1.13,38.251137544933336
806,6,0,150,1,3,182.0,4.0,12.296446957530712,1,28.0,100,3,1.3,1.5,63.78499084711383
807,3,0,110,4,5,107.0,2.7,8.575313283171878,9,299.0,0,1,1.25,0.75,87.59518936106798
808,3,1,100,6,5,139.0,0.0,8.596048733509754,11,294.0,0,2,0.5,1.33,49.299833231111315
809,5,1,110,1,0,139.0,9.0,5.208961465626063,0,213.0,0,2,0.83,1.25,34.494331666077784
810,4,0,130,5,2,292.0,1.0,20.889247959509408,2,288.0,100,1,0.83,0.75,69.58661760149782
811,5,1,80,5,2,93.0,2.0,16.324347549739162,-1,282.0,100,3,1.25,1.0,62.24840352300492
812,6,0,50,6,0,132.0,3.0,17.8384795244342,11,309.0,0,3,1.3,0.67,24.657577942981597
813,6,1,100,4,1,136.0,2.5,7.437613922562349,3,238.0,0,2,1.5,1.33,56.71185759646566
814,6,1,120,4,0,11.0,10.0,15.6025970608731,8,189.0,25,1,1.5,0.33,75.48194783707692
815,0,1,70,3,2,116.0,2.7,16.566120047977513,-1,113.0,25,3,1.0,0.5,59.536561325915095
816,2,0,50,1,2,122.0,2.7,16.1231522745744,-1,24.0,100,2,1.25,0.5,31.156880202323006
817,3,1,120,5,2,21.0,2.0,18.04504065790033,11,250.0,0,1,1.33,0.75,69.0230249823857
818,4,0,70,4,5,179.0,0.0,8.193451055703582,7,121.0,100,2,1.3,1.25,18.356977181544952
819,3,0,70,1,0,317.0,6.0,19.780309137502677,8,63.0,25,3,1.3,0.88,31.99142176902788
820,4,1,120,3,3,265.0,2.7,17.657415193201526,11,305.0,25,3,1.5,0.88,86.7911942285302
821,4,0,140,6,2,309.0,9.0,22.975085070318887,9,149.0,25,3,1.25,0.25,18.240394184695262
822,0,1,50,5,5,153.0,1.0,7.458119560330611,2,57.0,0,3,1.25,0.8,56.823355288886006
823,3,1,140,3,5,112.0,9.0,21.45015441997778,3,281.0,0,2,0.83,0.25,40.61341695411974
824,1,1,80,5,2,290.0,2.0,2.4192963321952856,12,262.0,0,3,1.0,0.5,23.083599128006824
825,5,0,70,3,5,198.0,0.0,9.430780218690082,-1,318.0,25,1,0.83,1.33,78.7882276842986
826,0,1,120,4,5,48.0,4.0,11.168022095497594,2,77.0,0,2,1.33,0.5,50.84347041243328
827,3,1,150,3,1,104.0,3.0,10.516579524184058,1,264.0,25,2,1.25,1.33,52.74912145420048
828,4,0,140,6,5,273.0,2.5,1.1431462948496407,12,328.0,100,3,1.5,1.25,68.30035770198137
829,1,1,100,4,5,252.0,2.0,7.90231509459802,10,41.0,0,1,1.5,0.5,91.72302956847605
830,4,0,50,4,3,61.0,1.0,16.49891393386221,0,302.0,25,1,1.5,1.0,91.96693325560436
831,2,0,100,3,5,300.0,14.0,10.104161545194417,11,44.0,25,2,1.33,0.33,91.06748426019836
832,3,0,50,5,5,137.0,9.0,10.175298260842505,3,91.0,100,1,1.0,1.13,89.6372035693025
833,3,1,120,1,0,91.0,2.7,5.9702841716956625,4,14.0,100,3,1.33,1.0,54.95775849034594
834,3,0,80,2,1,275.0,9.0,10.3873977651243,10,86.0,0,1,1.0,1.25,88.50998122929838
835,3,1,140,2,3,156.0,5.0,22.33857408501148,8,77.0,100,3,1.33,0.88,86.42284077375628
836,4,0,100,6,2,29.0,9.0,17.147460604521523,0,250.0,0,2,1.5,1.33,58.96855694875734
837,5,0,160,4,0,268.0,1.5,1.8493650779384587,12,204.0,0,1,0.5,0.25,59.01070289217797
838,1,0,80,5,2,310.0,10.0,12.824865267139232,12,177.0,25,2,1.0,0.67,85.41379729066642
839,2,0,140,6,0,217.0,2.5,2.877214801665014,11,303.0,100,3,1.25,1.13,47.66854817854417
840,3,1,150,5,1,90.0,9.0,1.1695226741789564,8,318.0,100,3,1.3,0.8,26.266535387195994
841,0,0,150,2,5,254.0,1.0,4.260440847551291,15,21.0,25,2,0.83,0.5,85.75642454965246
842,4,0,70,6,0,82.0,14.0,18.48618775082619,10,204.0,0,1,1.0,0.33,53.20521262386752
843,1,0,50,3,3,253.0,14.0,17.369956991956425,3,264.0,0,3,1.33,1.25,90.92217386567417
844,6,0,120,1,3,312.0,6.0,20.38935623928265,8,117.0,25,1,0.5,0.88,63.447001799984314
845,2,1,50,4,2,262.0,1.0,10.884972171145797,5,293.0,25,1,1.25,1.33,64.03692418463632
846,5,0,160,2,2,183.0,1.5,9.75235741827788,11,176.0,25,3,1.25,1.13,72.32123940149192
847,3,1,50,5,1,208.0,9.0,21.81823289597198,1,324.0,100,2,0.83,0.8,75.67205687539722
848,4,0,70,4,1,68.0,1.5,3.5046729567245283,12,233.0,0,3,1.33,0.75,59.180825185884046
849,3,1,120,2,0,186.0,2.7,8.030580843215327,7,166.0,0,3,1.33,0.88,18.223174590487695
850,3,1,50,3,3,267.0,6.0,17.149472092336435,4,140.0,0,2,1.25,1.33,76.47354223580437
851,3,0,90,3,3,152.0,3.0,14.895840291677413,-1,288.0,100,2,1.3,1.25,19.47611692027148
852,2,1,130,2,3,223.0,3.0,0.5380289966036478,12,84.0,100,1,1.25,0.25,47.79600840996636
853,3,0,120,6,1,72.0,2.5,3.0850600251391924,10,329.0,100,1,1.3,1.13,89.29926307238426
854,3,1,100,3,0,5.0,3.0,10.364865526831604,8,195.0,25,2,1.5,1.33,91.14914786808131
855,0,1,160,3,1,318.0,9.0,13.32414662772614,2,113.0,0,3,0.83,1.13,84.92124515866216
856,2,1,150,6,5,212.0,10.0,2.67002606836765,15,283.0,0,1,1.25,0.5,91.65905985249762
857,1,0,50,5,5,298.0,2.0,2.251003166022158,8,291.0,100,2,1.25,0.88,90.86775572484933
858,2,0,160,6,2,27.0,3.0,16.82492731384248,10,178.0,0,3,1.0,0.33,62.29225207645713
859,0,1,120,5,2,125.0,2.0,-0.5712400984543874,2,153.0,0,3,0.83,0.75,72.76624422894785
860,5,0,130,2,3,221.0,6.0,0.4990606381101939,13,82.0,100,2,0.83,1.33,73.63764901091758
861,3,1,110,4,5,134.0,1.5,7.6655701887511825,3,282.0,0,2,1.0,1.33,88.93043741034313
862,3,0,100,6,2,129.0,10.0,22.161007012029316,3,211.0,0,2,1.5,0.67,54.216761414363916
863,0,0,80,4,1,33.0,10.0,17.17435758876455,5,283.0,100,1,1.33,0.75,90.92180653073575
864,0,0,150,5,2,156.0,2.0,6.862013584222721,8,251.0,100,3,1.0,1.0,60.175957423003084
865,4,1,100,4,3,287.0,10.0,19.70047940502318,0,283.0,100,1,1.3,1.5,21.86564216336546
866,1,0,80,4,5,181.0,4.0,15.83270184261724,4,17.0,25,2,1.0,0.5,76.39005757890216
867,4,0,80,3,0,231.0,3.0,11.279160119869022,2,10.0,25,1,1.0,0.67,92.42088290090511
868,3,0,100,1,3,28.0,4.0,3.584758526579471,2,284.0,100,2,1.25,1.33,62.784386486405616
869,1,1,70,5,5,171.0,9.0,19.900844266342347,-1,62.0,25,2,1.3,0.88,90.99960275057117
870,1,0,80,4,1,100.0,2.0,3.660243505584271,2,293.0,0,1,1.3,1.33,78.83064769111186
871,6,0,130,4,5,139.0,2.0,10.932338757725155,2,48.0,25,1,1.25,0.5,65.26209964286306
872,6,1,50,1,5,213.0,9.0,0.4920179941498523,8,277.0,0,3,1.0,0.88,57.15436002659824
873,1,1,90,2,0,6.0,1.0,9.271966941316307,10,32.0,25,2,0.5,0.75,64.7051072852531
874,4,0,120,2,0,57.0,2.5,4.857280291616341,10,58.0,25,1,0.5,0.75,18.221722892702044
875,3,1,90,5,1,204.0,2.0,17.697704404722526,14,33.0,100,1,1.5,0.8,46.49152754298418
876,6,0,50,3,3,242.0,14.0,22.00160034368921,6,187.0,25,2,1.3,0.8,87.81162096413955
877,4,0,70,4,1,48.0,5.0,11.297543896949428,0,39.0,100,1,1.3,0.75,54.76700437890869
878,1,0,120,4,3,170.0,4.0,3.785149795776155,2,313.0,25,1,1.3,1.33,77.35538272889615
879,6,0,150,2,3,176.0,3.0,18.559264237868213,3,23.0,100,1,1.3,1.13,87.58619383594844
880,0,1,120,1,5,33.0,2.7,19.24124357869172,12,318.0,100,2,1.33,1.13,29.55345846165031
881,6,0,140,6,5,212.0,9.0,5.954014805336877,6,244.0,25,3,1.0,0.67,40.63391049077613
882,5,0,160,3,1,234.0,14.0,21.490381643364145,1,97.0,0,2,1.3,1.0,67.9909885461449
883,5,0,50,6,5,193.0,10.0,14.26633070821355,0,314.0,0,2,0.83,1.25,35.97111447033354
884,6,1,110,2,0,145.0,1.0,22.74797823642041,8,197.0,25,2,1.33,1.25,65.56399123708259
885,2,0,140,1,2,192.0,4.0,12.016889222262368,14,292.0,100,3,0.5,0.75,21.939893414856225
886,1,1,130,4,3,7.0,1.0,21.874839723813903,10,115.0,25,3,1.3,1.25,77.56309409671007
887,4,1,70,5,5,254.0,2.0,14.801371789404895,3,324.0,100,3,1.0,1.25,89.81757126186716
888,3,0,50,4,5,147.0,14.0,10.406635189544291,14,314.0,100,2,1.3,0.33,45.09087575900283
889,0,0,80,4,1,295.0,2.0,2.854987431032727,14,292.0,25,1,1.3,1.33,35.88149450953694
890,2,1,100,6,3,198.0,3.0,17.63986162715672,14,201.0,0,1,1.25,0.8,46.688690789659944
891,4,0,90,4,3,51.0,4.0,6.791818807450257,2,98.0,25,1,1.33,0.88,65.48551110303627
892,3,1,110,4,1,69.0,0.0,19.55212573876206,6,64.0,25,3,1.0,0.8,83.99562106526112
893,0,1,100,5,2,112.0,2.0,15.903153382535061,1,328.0,100,1,1.0,1.0,42.43140001186274
894,6,1,130,2,0,220.0,1.5,14.613983356050753,2,60.0,25,1,1.0,1.0,48.95824230936557
895,1,1,120,3,2,310.0,6.0,20.390043356065217,8,318.0,25,3,1.33,0.88,30.75670525181369
896,6,0,100,4,1,7.0,2.5,9.898090002035028,8,47.0,25,2,0.5,1.33,92.47716740534653
897,3,1,50,5,0,4.0,6.0,4.9538783944864,12,13.0,25,2,1.5,1.0,28.821260276029967
898,3,1,100,6,1,73.0,10.0,3.7805982253822377,14,291.0,0,1,1.25,0.75,35.96011812180654
899,4,1,120,5,3,60.0,1.0,13.094835731946233,1,68.0,100,1,1.33,0.8,54.45995288289638
900,0,1,120,1,1,123.0,4.0,12.740459936923672,12,184.0,100,1,1.25,1.25,90.78818475025196
901,1,0,160,1,1,167.0,10.0,5.33094615624564,10,157.0,25,1,1.3,0.75,86.1594093413501
902,1,0,120,4,5,241.0,10.0,22.29494290625734,10,323.0,100,2,1.33,0.5,74.25326184874196
903,2,0,100,4,1,15.0,4.0,22.214351919250227,13,188.0,25,3,1.0,0.25,20.942094309254593
904,4,1,100,3,0,263.0,14.0,10.275554167553075,8,62.0,25,2,1.25,1.33,93.5035985540471
905,1,0,150,5,1,294.0,2.0,3.4714349395927946,14,192.0,100,2,1.0,1.33,86.65228675754852
906,1,1,150,2,0,176.0,5.0,18.07103144909786,1,53.0,25,2,1.0,0.33,93.60626724568161
907,5,0,120,4,2,130.0,4.0,0.389258032316251,2,231.0,25,1,0.5,0.75,26.857874775012856
908,3,1,130,5,5,94.0,9.0,22.091204694575993,4,307.0,100,2,0.83,0.5,50.44055702421217
909,0,1,50,6,3,120.0,10.0,5.251876287382874,8,38.0,0,3,1.25,0.33,86.2119829332269
910,0,1,120,5,1,316.0,2.0,0.2544151880884719,9,196.0,100,3,1.0,1.33,39.963809273227895
911,6,0,130,3,1,2.0,6.0,3.6250406955509797,6,284.0,0,3,0.83,0.25,63.19404430731108
912,2,1,100,1,3,21.0,10.0,20.01353065200842,0,107.0,100,3,1.3,1.5,25.405723131619006
913,1,1,100,3,1,93.0,2.0,9.880441734431287,10,35.0,100,2,1.25,0.33,33.761356199901776
914,3,0,130,1,3,141.0,4.0,0.735506313285125,13,81.0,100,2,0.5,1.33,37.48629611616355
915,5,1,50,3,1,52.0,14.0,1.9407329503608315,12,76.0,25,3,0.5,1.0,23.898175485280177
916,6,1,70,1,5,64.0,6.0,5.933547147187526,2,28.0,25,1,1.5,0.75,19.584271408368558
917,2,0,100,6,0,301.0,2.5,3.513676938368407,14,163.0,100,3,1.33,0.75,37.02921681723382
918,4,1,70,6,5,83.0,2.5,7.561386787293752,6,122.0,100,2,1.5,1.25,22.916293904346507
919,6,0,100,5,1,141.0,1.5,3.35225073886039,12,240.0,0,1,1.33,0.75,39.904270787082005
920,1,0,130,3,1,171.0,14.0,8.011623552046608,0,288.0,25,1,1.33,1.0,92.81302117040819
921,6,1,110,6,2,115.0,0.0,20.61619013188808,1,175.0,0,1,1.33,0.88,64.33761613225198
922,5,0,120,1,2,273.0,2.5,17.177282995145326,3,170.0,25,1,1.3,0.88,74.48424957080383
923,2,0,50,6,0,15.0,3.0,10.600218108516748,8,79.0,0,2,0.83,1.33,91.31240775624802
924,4,0,90,2,2,170.0,2.5,17.4404309674772,1,171.0,25,2,1.3,0.88,32.30372695797935
925,5,0,130,6,5,250.0,2.5,1.3564224746586684,5,293.0,100,1,0.83,1.25,57.1690402713752
926,5,0,120,6,0,231.0,2.5,3.202100434675729,0,132.0,100,1,1.0,1.13,44.47277417932435
927,6,1,90,5,2,146.0,2.0,2.225939803601874,11,237.0,0,1,1.33,0.25,39.51654898501477
928,3,0,90,6,0,106.0,1.5,12.360341167651134,1,139.0,100,2,1.33,1.25,19.446218617811027
929,2,0,130,4,1,196.0,10.0,22.375338150324644,3,80.0,100,3,1.33,0.5,37.20318807670195
930,0,0,120,1,3,125.0,4.0,1.080945765393136,10,94.0,100,1,1.0,1.33,83.06577894671597
931,2,1,50,1,0,316.0,2.7,16.80017801095928,6,210.0,0,2,1.0,0.25,82.15562540308197
932,5,1,70,5,2,144.0,2.0,11.23952891476659,5,142.0,100,2,0.83,0.75,31.568038392335094
933,0,1,150,5,5,271.0,1.5,9.076288065368328,3,328.0,0,3,0.5,0.33,28.63483992045797
934,1,1,50,3,5,209.0,14.0,0.7682324108608337,6,61.0,0,3,1.25,0.88,68.02823555172158
935,4,1,140,4,0,49.0,1.0,22.328446872287888,11,9.0,25,1,1.3,1.25,50.2914202487111
936,1,0,150,2,0,37.0,3.0,22.370530004668723,2,163.0,100,1,1.3,0.67,92.19276168435816
937,3,0,100,4,1,50.0,2.5,2.95508027020898,1,78.0,0,1,1.25,0.5,93.4741067829063
938,5,1,140,1,1,84.0,10.0,1.170464891502101,2,247.0,25,3,1.25,0.75,50.22033739714777
939,0,0,110,5,5,102.0,2.0,15.695693534599641,6,328.0,100,2,1.0,1.25,21.53811411616254
940,3,0,140,1,0,12.0,10.0,16.218800874231736,10,68.0,100,2,1.33,0.33,23.031632618719865
941,6,0,130,1,1,230.0,10.0,22.565432086018543,4,44.0,100,2,1.5,0.5,50.51221011289691
942,6,1,50,5,2,20.0,3.0,0.6568471020090147,4,89.0,100,1,1.25,0.25,27.974547873263205
943,3,1,70,6,3,88.0,3.0,17.69450239003841,9,138.0,0,3,1.5,1.13,48.67109216415899
944,6,1,120,4,2,86.0,4.0,1.0346467336594503,2,167.0,25,1,1.25,0.75,67.84927766994116
945,1,0,120,2,0,197.0,1.5,3.201819532792904,12,72.0,25,1,0.5,0.75,22.79221025525055
946,5,0,80,2,3,286.0,3.0,19.009498484267706,12,32.0,100,1,1.3,1.13,41.73365894311055
947,4,1,70,5,0,25.0,1.0,5.908574893159059,10,145.0,100,1,0.5,0.75,83.05518543154076
948,2,0,140,5,0,320.0,2.0,7.2119547626546705,12,144.0,100,1,0.5,1.13,42.3250458355236
949,1,1,110,1,0,316.0,5.0,5.22657186774603,13,258.0,0,1,1.33,1.25,52.459262766778295
950,6,0,150,4,1,217.0,2.5,5.259661876545763,9,36.0,0,3,0.5,0.5,22.392340114273992
951,1,1,120,1,3,116.0,10.0,14.017245621985886,12,232.0,100,1,0.5,1.5,51.54466976250218
952,0,0,100,6,3,235.0,0.0,8.011588422718036,13,147.0,0,2,1.33,0.5,71.68470429910452
953,0,0,50,3,3,23.0,6.0,17.96927059230832,13,113.0,25,2,0.5,0.67,57.56727212443834
954,6,0,140,1,0,252.0,10.0,15.220860046952255,1,49.0,25,1,1.3,0.5,29.698238559472195
955,4,0,70,2,5,246.0,1.0,6.080062963352189,11,47.0,25,1,1.0,0.75,55.104413849121855
956,2,0,120,4,2,216.0,2.5,10.733123402994325,0,78.0,0,2,1.25,0.88,22.84010549451308
957,6,0,110,6,5,208.0,14.0,10.407578973497703,0,183.0,100,2,0.5,0.88,73.5124936747554
958,6,0,160,4,3,124.0,0.0,1.1915913460922405,10,84.0,100,1,1.3,1.33,43.84109485178593
959,3,0,100,3,0,1.0,14.0,17.57102715298893,11,2.0,0,2,1.5,1.33,68.78948284740731
960,5,0,70,3,1,267.0,1.5,4.210058190753825,6,152.0,100,1,0.5,0.5,52.873614519438114
961,0,1,70,1,0,41.0,2.7,15.120108127310735,4,213.0,0,1,1.0,1.0,26.205686862995798
962,6,1,150,2,2,140.0,3.0,5.547449614760494,8,254.0,100,3,1.5,0.33,87.87792308048766
963,1,0,80,3,3,69.0,5.0,11.780638341844602,1,41.0,0,3,1.3,0.8,80.82194350986425
964,1,0,70,6,1,107.0,1.5,5.062588513995328,2,287.0,100,1,1.5,0.75,24.318587964255862
965,5,0,160,2,3,147.0,6.0,16.675410412499225,2,288.0,100,3,0.83,0.75,20.262100523196295
966,1,1,100,2,3,200.0,1.5,7.361879330190943,15,119.0,25,2,1.0,0.88,79.49644001289907
967,0,1,80,4,3,21.0,0.0,18.750581082922587,11,21.0,100,1,0.5,1.13,71.01224680079066
968,1,1,110,1,1,176.0,1.0,2.682526752516137,6,102.0,0,3,1.3,0.25,60.173304272659
969,2,1,130,6,5,208.0,1.5,8.841507660721447,14,120.0,100,3,1.0,1.33,72.67497286525419
970,3,0,130,4,5,195.0,1.5,2.7238568471880162,8,290.0,0,1,1.5,1.25,51.97316451255111
971,3,0,100,2,2,89.0,3.0,10.107624393513776,2,281.0,100,3,1.33,0.5,69.37052183720107
972,4,0,80,5,0,165.0,2.0,17.95268852660008,15,147.0,100,2,0.5,1.5,52.014264814343896
973,0,1,90,3,3,143.0,5.0,0.2012593223940819,2,123.0,0,2,1.33,0.88,81.7543982124171
974,1,1,90,3,1,175.0,2.7,18.04829519882723,15,305.0,25,1,1.33,1.5,52.07557380474201
975,2,0,50,2,1,217.0,1.5,4.927456580662083,5,254.0,25,1,1.25,0.5,64.5349020678173
976,0,1,150,1,0,220.0,2.7,2.8220037008954897,11,11.0,100,1,1.25,0.88,28.218917088901865
977,3,1,140,4,0,91.0,1.0,12.40830372190965,12,194.0,25,3,1.33,0.67,46.15461714305976
978,1,0,120,6,1,310.0,10.0,21.758915555429052,0,110.0,0,1,1.0,0.75,70.51829369005699
979,0,1,80,1,3,143.0,10.0,16.232456185901743,-1,98.0,100,1,0.5,1.0,77.10966984319793
980,4,0,120,6,5,222.0,1.5,1.1741315656990492,9,320.0,100,3,1.33,1.33,87.66692376060509
981,3,0,70,3,5,101.0,2.0,14.610812813113625,15,315.0,100,2,1.25,1.25,21.611164766268335
982,2,0,90,2,1,92.0,6.0,20.588949894815674,7,194.0,100,3,0.5,1.13,25.008184268646332
983,0,1,50,3,1,112.0,14.0,19.41978824753151,4,27.0,0,1,1.25,1.0,91.78952710297293
984,5,1,80,5,1,109.0,9.0,17.72908471450037,4,281.0,0,2,0.83,1.33,46.133068395246276
985,6,1,100,4,5,281.0,4.0,7.314140425629718,3,272.0,25,1,1.25,0.88,27.134679460926783
986,1,0,160,4,1,79.0,4.0,21.597513030798588,13,46.0,25,2,0.5,1.33,57.40621124907689
987,4,0,90,1,3,166.0,10.0,14.972483068367652,3,81.0,100,1,1.33,1.25,75.96204883922918
988,1,0,100,6,1,186.0,9.0,3.5864964953315592,1,253.0,25,1,1.5,0.5,90.55489743642936
989,4,1,130,6,5,309.0,10.0,22.27165716430434,2,23.0,25,1,1.25,1.25,93.06318458255082
990,3,1,140,4,2,29.0,1.0,22.399767700478485,9,288.0,25,3,1.33,0.25,56.33488243754851
991,5,0,140,1,0,218.0,10.0,9.035933600588798,8,11.0,25,3,1.5,0.75,77.14588503517365
992,4,1,150,5,1,160.0,10.0,3.025661680887444,13,160.0,25,3,1.5,0.5,45.12668942444459
993,1,1,80,1,1,160.0,2.7,8.09849027185383,14,40.0,0,2,1.33,0.88,93.2049689887217
994,3,0,130,3,5,274.0,2.0,17.938481582242318,15,250.0,0,2,1.0,1.25,18.904676016299298
995,4,1,50,1,2,49.0,5.0,10.639389354211692,10,290.0,100,3,1.33,0.33,63.91578132328281
996,6,1,70,6,2,178.0,1.5,11.921693547119414,9,198.0,0,3,1.3,0.88,67.29044730953584
997,2,0,110,6,5,239.0,0.0,7.417127921526505,1,270.0,0,2,0.83,1.33,55.51346894803997
998,4,1,150,1,5,63.0,5.0,5.638032072239007,13,302.0,100,1,1.33,0.5,55.0743944209954
999,2,0,50,2,2,40.0,5.0,1.8233463234159535,3,248.0,100,1,1.3,1.0,26.79547460442163
